pH,seed,time,n_stacks,platelets_in_stacks,largest_stack
3,73019,0.0,2,4,2
3,73019,0.001999,1,2,2
3,73019,0.003999,1,2,2
3,73019,0.005999,0,0,0
3,73019,0.007999,0,0,0
3,73019,0.009999,0,0,0
3,73019,0.011999,0,0,0
3,73019,0.013999,0,0,0
3,73019,0.015999,1,2,2
3,73019,0.017999,1,2,2
3,73019,0.019999,1,2,2
3,73019,0.021999,2,4,2
3,73019,0.023999,1,2,2
3,73019,0.025999,0,0,0
3,73019,0.027999,1,2,2
3,73019,0.029999,1,2,2
3,73019,0.031999,0,0,0
3,73019,0.033999,0,0,0
3,73019,0.035999,0,0,0
3,73019,0.037999,0,0,0
3,73019,0.039999,0,0,0
3,73019,0.041999,1,2,2
3,73019,0.043999,1,2,2
3,73019,0.045999,1,2,2
3,73019,0.047999,1,2,2
3,73019,0.049999,1,2,2
3,73019,0.051999,2,4,2
3,73019,0.053999,1,3,3
3,73019,0.055999,1,3,3
3,73019,0.057999,1,2,2
3,73019,0.059999,1,2,2
3,73019,0.061999,1,2,2
3,73019,0.063999,1,2,2
3,73019,0.065999,1,2,2
3,73019,0.067999,1,2,2
3,73019,0.069999,0,0,0
3,73019,0.071999,0,0,0
3,73019,0.073999,0,0,0
3,73019,0.075999,0,0,0
3,73019,0.077999,0,0,0
3,73019,0.079999,0,0,0
3,73019,0.081999,1,2,2
3,73019,0.083999,1,2,2
3,73019,0.085999,1,2,2
3,73019,0.087999,1,2,2
3,73019,0.089999,1,2,2
3,73019,0.091999,1,2,2
3,73019,0.093999,1,2,2
3,73019,0.095999,2,4,2
3,73019,0.097999,1,2,2
3,73019,0.099999,0,0,0
3,73019,0.101999,1,2,2
3,73019,0.103999,2,4,2
3,73019,0.105999,2,4,2
3,73019,0.107999,2,4,2
3,73019,0.109999,2,4,2
3,73019,0.111999,2,4,2
3,73019,0.113999,1,2,2
3,73019,0.115999,2,4,2
3,73019,0.117999,2,4,2
3,73019,0.119999,2,4,2
3,73019,0.121999,1,2,2
3,73019,0.123999,1,2,2
3,73019,0.125999,1,2,2
3,73019,0.127999,0,0,0
3,73019,0.129999,0,0,0
3,73019,0.131999,0,0,0
3,73019,0.133999,0,0,0
3,73019,0.135999,0,0,0
3,73019,0.137999,0,0,0
3,73019,0.139999,0,0,0
3,73019,0.141999,1,2,2
3,73019,0.143999,2,4,2
3,73019,0.145999,2,4,2
3,73019,0.147999,1,2,2
3,73019,0.149999,1,2,2
3,73019,0.151999,3,6,2
3,73019,0.153999,3,6,2
3,73019,0.155999,4,8,2
3,73019,0.157999,4,8,2
3,73019,0.159999,4,8,2
3,73019,0.161999,3,6,2
3,73019,0.163999,4,8,2
3,73019,0.165999,5,10,2
3,73019,0.167999,5,10,2
3,73019,0.169999,4,8,2
3,73019,0.171999,5,11,3
3,73019,0.173999,5,11,3
3,73019,0.175999,4,9,3
3,73019,0.177999,3,7,3
3,73019,0.179999,3,7,3
3,73019,0.181999,3,7,3
3,73019,0.183999,3,7,3
3,73019,0.185999,2,5,3
3,73019,0.187999,2,5,3
3,73019,0.189999,1,3,3
3,73019,0.191999,4,9,3
3,73019,0.193999,4,9,3
3,73019,0.195999,3,8,4
3,73019,0.197999,3,8,4
3,73019,0.199999,3,7,3
3,73019,0.201999,3,9,5
3,73019,0.203999,4,9,3
3,73019,0.205999,2,7,5
3,73019,0.207999,3,8,4
3,73019,0.209999,4,10,4
3,73019,0.211999,3,8,4
3,73019,0.213999,3,8,4
3,73019,0.215999,4,10,4
3,73019,0.217999,4,10,4
3,73019,0.219999,4,9,3
3,73019,0.221999,4,9,3
3,73019,0.223999,6,13,3
3,73019,0.225999,6,14,4
3,73019,0.227999,6,16,5
3,73019,0.229999,5,14,4
3,73019,0.231999,4,11,4
3,73019,0.233999,6,13,3
3,73019,0.235999,6,13,3
3,73019,0.237999,6,12,2
3,73019,0.239999,7,15,3
3,73019,0.241999,7,17,4
3,73019,0.243999,8,17,3
3,73019,0.245999,7,15,3
3,73019,0.247999,7,15,3
3,73019,0.249999,7,15,3
3,73019,0.251999,6,13,3
3,73019,0.253999,6,12,2
3,73019,0.255999,6,13,3
3,73019,0.257999,6,13,3
3,73019,0.259999,9,20,3
3,73019,0.261999,9,19,3
3,73019,0.263999,9,18,2
3,73019,0.265999,11,22,2
3,73019,0.267999,11,22,2
3,73019,0.269999,11,23,3
3,73019,0.271999,9,19,3
3,73019,0.273999,11,23,3
3,73019,0.275999,9,19,3
3,73019,0.277999,9,19,3
3,73019,0.279999,9,20,3
3,73019,0.281999,8,18,3
3,73019,0.283999,8,18,3
3,73019,0.285999,8,19,3
3,73019,0.287999,10,23,3
3,73019,0.289999,8,20,4
3,73019,0.291999,8,20,4
3,73019,0.293999,7,19,4
3,73019,0.295999,7,19,4
3,73019,0.297999,8,22,4
3,73019,0.299999,8,22,4
3,73019,0.301999,8,21,4
3,73019,0.303999,8,21,4
3,73019,0.305999,9,24,4
3,73019,0.307999,10,23,3
3,73019,0.309999,10,24,3
3,73019,0.311999,10,26,3
3,73019,0.313999,11,29,3
3,73019,0.315999,9,24,4
3,73019,0.317999,9,24,4
3,73019,0.319999,9,24,4
3,73019,0.321999,9,24,4
3,73019,0.323999,9,23,3
3,73019,0.325999,9,24,3
3,73019,0.327999,9,24,3
3,73019,0.329999,8,22,3
3,73019,0.331999,8,21,3
3,73019,0.333999,9,23,3
3,73019,0.335999,9,22,3
3,73019,0.337999,8,20,3
3,73019,0.339999,9,23,4
3,73019,0.341999,10,25,4
3,73019,0.343999,10,26,4
3,73019,0.345999,10,25,3
3,73019,0.347999,11,28,3
3,73019,0.349999,11,28,3
3,73019,0.351999,10,26,3
3,73019,0.353999,9,24,3
3,73019,0.355999,9,24,3
3,73019,0.357999,9,24,3
3,73019,0.359999,10,26,3
3,73019,0.361999,10,26,3
3,73019,0.363999,10,26,3
3,73019,0.365999,10,27,4
3,73019,0.367999,10,27,4
3,73019,0.369999,10,28,5
3,73019,0.371999,11,31,5
3,73019,0.373999,11,29,4
3,73019,0.375999,11,28,3
3,73019,0.377999,11,31,4
3,73019,0.379999,11,31,4
3,73019,0.381999,11,32,4
3,73019,0.383999,11,31,4
3,73019,0.385999,11,32,4
3,73019,0.387999,11,34,5
3,73019,0.389999,11,34,5
3,73019,0.391999,11,35,5
3,73019,0.393999,10,33,5
3,73019,0.395999,10,29,4
3,73019,0.397999,10,28,4
3,73019,0.399999,10,31,4
3,73019,0.401999,10,30,4
3,73019,0.403999,10,31,4
3,73019,0.405999,11,32,4
3,73019,0.407999,11,33,4
3,73019,0.409999,11,33,4
3,73019,0.411999,11,33,4
3,73019,0.413999,10,31,4
3,73019,0.415999,10,31,4
3,73019,0.417999,10,32,4
3,73019,0.419999,10,32,4
3,73019,0.421999,10,31,4
3,73019,0.423999,10,32,4
3,73019,0.425999,10,32,4
3,73019,0.427999,10,32,5
3,73019,0.429999,9,30,5
3,73019,0.431999,9,30,5
3,73019,0.433999,9,31,5
3,73019,0.435999,9,31,5
3,73019,0.437999,9,32,5
3,73019,0.439999,9,32,5
3,73019,0.441999,9,32,5
3,73019,0.443999,10,32,5
3,73019,0.445999,10,32,5
3,73019,0.447999,10,35,6
3,73019,0.449999,11,35,6
3,73019,0.451999,11,35,6
3,73019,0.453999,10,34,6
3,73019,0.455999,11,35,6
3,73019,0.457999,9,32,6
3,73019,0.459999,9,30,5
3,73019,0.461999,10,30,5
3,73019,0.463999,9,31,5
3,73019,0.465999,10,31,5
3,73019,0.467999,10,29,4
3,73019,0.469999,11,31,4
3,73019,0.471999,11,31,4
3,73019,0.473999,12,33,4
3,73019,0.475999,12,33,4
3,73019,0.477999,12,33,4
3,73019,0.479999,11,33,4
3,73019,0.481999,10,33,6
3,73019,0.483999,10,33,6
3,73019,0.485999,10,33,6
3,73019,0.487999,10,33,6
3,73019,0.489999,12,32,4
3,73019,0.491999,11,32,5
3,73019,0.493999,11,33,5
3,73019,0.495999,11,33,5
3,73019,0.497999,11,33,5
3,73019,0.499999,11,33,5
3,73019,0.501999,10,31,5
3,73019,0.503999,10,30,5
3,73019,0.505999,9,29,5
3,73019,0.507999,10,29,5
3,73019,0.509999,10,29,5
3,73019,0.511999,10,29,5
3,73019,0.513999,9,29,5
3,73019,0.515999,9,29,5
3,73019,0.517999,9,28,5
3,73019,0.519999,9,28,5
3,73019,0.521999,10,30,5
3,73019,0.523999,10,30,5
3,73019,0.525999,10,31,5
3,73019,0.527999,10,31,6
3,73019,0.529999,10,32,6
3,73019,0.531999,10,32,7
3,73019,0.533999,10,32,7
3,73019,0.535999,10,33,7
3,73019,0.537999,10,31,6
3,73019,0.539999,11,33,5
3,73019,0.541999,10,32,5
3,73019,0.543999,10,33,5
3,73019,0.545999,10,33,5
3,73019,0.547999,11,33,5
3,73019,0.549999,11,32,5
3,73019,0.551999,10,33,5
3,73019,0.553999,10,32,5
3,73019,0.555999,9,31,5
3,73019,0.557999,9,29,5
3,73019,0.559999,9,29,5
3,73019,0.561999,9,28,5
3,73019,0.563999,8,28,6
3,73019,0.565999,9,29,5
3,73019,0.567999,9,29,5
3,73019,0.569999,8,29,6
3,73019,0.571999,8,28,6
3,73019,0.573999,9,29,5
3,73019,0.575999,8,29,6
3,73019,0.577999,8,29,6
3,73019,0.579999,8,29,6
3,73019,0.581999,8,29,6
3,73019,0.583999,8,29,6
3,73019,0.585999,8,29,6
3,73019,0.587999,8,29,6
3,73019,0.589999,8,29,6
3,73019,0.591999,8,29,6
3,73019,0.593999,8,29,6
3,73019,0.595999,9,29,5
3,73019,0.597999,8,29,6
3,73019,0.599999,8,29,6
3,73019,0.601999,9,29,5
3,73019,0.603999,8,29,6
3,73019,0.605999,9,29,5
3,73019,0.607999,8,29,6
3,73019,0.609999,8,29,6
3,73019,0.611999,8,29,6
3,73019,0.613999,9,29,5
3,73019,0.615999,8,29,6
3,73019,0.617999,8,29,6
3,73019,0.619999,9,29,5
3,73019,0.621999,8,29,6
3,73019,0.623999,9,29,5
3,73019,0.625999,9,29,5
3,73019,0.627999,8,29,6
3,73019,0.629999,8,29,6
3,73019,0.631999,8,29,6
3,73019,0.633999,8,29,6
3,73019,0.635999,8,29,6
3,73019,0.637999,8,29,6
3,73019,0.639999,8,29,6
3,73019,0.641999,8,29,6
3,73019,0.643999,8,29,6
3,73019,0.645999,8,29,6
3,73019,0.647999,8,29,6
3,73019,0.649999,8,29,6
3,73019,0.651999,8,29,6
3,73019,0.653999,8,29,6
3,73019,0.655999,8,29,6
3,73019,0.657999,8,29,6
3,73019,0.659999,8,29,6
3,73019,0.661999,8,29,6
3,73019,0.663999,8,29,6
3,73019,0.665999,8,29,6
3,73019,0.667999,8,29,6
3,73019,0.669999,8,29,6
3,73019,0.671999,8,29,6
3,73019,0.673999,8,29,6
3,73019,0.675999,8,29,6
3,73019,0.677999,8,29,6
3,73019,0.679999,8,29,6
3,73019,0.681999,8,29,6
3,73019,0.683999,8,29,6
3,73019,0.685999,8,29,6
3,73019,0.687999,8,29,6
3,73019,0.689999,8,29,6
3,73019,0.691999,8,29,6
3,73019,0.693999,8,29,6
3,73019,0.695999,8,29,6
3,73019,0.697999,8,29,6
3,73019,0.699999,8,29,6
3,73019,0.701999,8,29,6
3,73019,0.703999,8,29,6
3,73019,0.705999,8,29,6
3,73019,0.707999,8,29,6
3,73019,0.709999,8,29,6
3,73019,0.711999,8,29,6
3,73019,0.713999,8,29,6
3,73019,0.715999,8,29,6
3,73019,0.717999,8,29,6
3,73019,0.719999,8,29,6
3,73019,0.721999,8,29,6
3,73019,0.723999,8,29,6
3,73019,0.725999,8,29,6
3,73019,0.727999,8,29,6
3,73019,0.729999,8,29,6
3,73019,0.731999,8,29,6
3,73019,0.733999,8,29,6
3,73019,0.735999,8,29,6
3,73019,0.737999,8,29,6
3,73019,0.739999,8,29,6
3,73019,0.741999,8,29,6
3,73019,0.743999,8,29,6
3,73019,0.745999,8,29,6
3,73019,0.747999,8,29,6
3,73019,0.749999,8,29,6
3,73019,0.751999,8,29,6
3,73019,0.753999,8,29,6
3,73019,0.755999,8,29,6
3,73019,0.757999,8,29,6
3,73019,0.759999,8,29,6
3,73019,0.761999,8,29,6
3,73019,0.763999,8,29,6
3,73019,0.765999,8,29,6
3,73019,0.767999,8,29,6
3,73019,0.769999,8,29,6
3,73019,0.771999,8,29,6
3,73019,0.773999,8,29,6
3,73019,0.775999,8,29,6
3,73019,0.777999,8,29,6
3,73019,0.779999,8,29,6
3,73019,0.781999,8,29,6
3,73019,0.783999,8,29,6
3,73019,0.785999,8,29,6
3,73019,0.787999,8,29,6
3,73019,0.789999,8,29,6
3,73019,0.791999,8,29,6
3,73019,0.793999,8,29,6
3,73019,0.795999,8,29,6
3,73019,0.797999,8,29,6
3,73019,0.799999,8,29,6
3,73019,0.801999,8,29,6
3,73019,0.803999,8,29,6
3,73019,0.805999,8,29,6
3,73019,0.807999,8,29,6
3,73019,0.809999,8,29,6
3,73019,0.811999,8,29,6
3,73019,0.813999,8,29,6
3,73019,0.815999,8,29,6
3,73019,0.817999,8,29,6
3,73019,0.819999,8,29,6
3,73019,0.821999,8,29,6
3,73019,0.823999,8,29,6
3,73019,0.825999,8,29,6
3,73019,0.827999,8,29,6
3,73019,0.829999,8,29,6
3,73019,0.831999,8,29,6
3,73019,0.833999,8,29,6
3,73019,0.835999,8,29,6
3,73019,0.837999,8,29,6
3,73019,0.839999,8,29,6
3,73019,0.841999,8,29,6
3,73019,0.843999,8,29,6
3,73019,0.845999,8,29,6
3,73019,0.847999,8,29,6
3,73019,0.849999,8,29,6
3,73019,0.851999,8,29,6
3,73019,0.853999,8,29,6
3,73019,0.855999,8,29,6
3,73019,0.857999,8,29,6
3,73019,0.859999,8,29,6
3,73019,0.861999,8,29,6
3,73019,0.863999,8,29,6
3,73019,0.865999,8,29,6
3,73019,0.867999,8,29,6
3,73019,0.869999,8,29,6
3,73019,0.871999,8,29,6
3,73019,0.873999,8,29,6
3,73019,0.875999,8,29,6
3,73019,0.877999,8,29,6
3,73019,0.879999,8,29,6
3,73019,0.881999,8,29,6
3,73019,0.883999,8,29,6
3,73019,0.885999,8,29,6
3,73019,0.887999,8,29,6
3,73019,0.889999,8,29,6
3,73019,0.891999,8,29,6
3,73019,0.893999,8,29,6
3,73019,0.895999,8,29,6
3,73019,0.897999,8,29,6
3,73019,0.899999,8,29,6
3,73019,0.901999,8,29,6
3,73019,0.903999,8,29,6
3,73019,0.905999,8,29,6
3,73019,0.907999,8,29,6
3,73019,0.909999,8,29,6
3,73019,0.911999,8,29,6
3,73019,0.913999,8,29,6
3,73019,0.915999,8,29,6
3,73019,0.917999,8,29,6
3,73019,0.919999,8,29,6
3,73019,0.921999,8,29,6
3,73019,0.923999,8,29,6
3,73019,0.925999,8,29,6
3,73019,0.927999,8,29,6
3,73019,0.929999,8,29,6
3,73019,0.931999,8,29,6
3,73019,0.933999,8,29,6
3,73019,0.935999,8,29,6
3,73019,0.937999,8,29,6
3,73019,0.939999,8,29,6
3,73019,0.941999,8,29,6
3,73019,0.943999,8,29,6
3,73019,0.945999,8,29,6
3,73019,0.947999,8,29,6
3,73019,0.949999,8,29,6
3,73019,0.951999,8,29,6
3,73019,0.953999,8,29,6
3,73019,0.955999,8,29,6
3,73019,0.957999,8,29,6
3,73019,0.959999,8,29,6
3,73019,0.961999,8,29,6
3,73019,0.963999,8,29,6
3,73019,0.965999,8,29,6
3,73019,0.967999,8,29,6
3,73019,0.969999,8,29,6
3,73019,0.971999,8,29,6
3,73019,0.973999,8,29,6
3,73019,0.975999,8,29,6
3,73019,0.977999,8,29,6
3,73019,0.979999,8,29,6
3,73019,0.981999,8,29,6
3,73019,0.983999,8,29,6
3,73019,0.985999,8,29,6
3,73019,0.987999,8,29,6
3,73019,0.989999,8,29,6
3,73019,0.991999,8,29,6
3,73019,0.993999,8,29,6
3,73019,0.995999,8,29,6
3,73019,0.997999,8,29,6
3,73019,0.999999,8,29,6
3,11234,0.0,1,2,2
3,11234,0.001999,0,0,0
3,11234,0.003999,0,0,0
3,11234,0.005999,0,0,0
3,11234,0.007999,0,0,0
3,11234,0.009999,0,0,0
3,11234,0.011999,0,0,0
3,11234,0.013999,0,0,0
3,11234,0.015999,0,0,0
3,11234,0.017999,0,0,0
3,11234,0.019999,0,0,0
3,11234,0.021999,0,0,0
3,11234,0.023999,0,0,0
3,11234,0.025999,0,0,0
3,11234,0.027999,0,0,0
3,11234,0.029999,0,0,0
3,11234,0.031999,0,0,0
3,11234,0.033999,1,2,2
3,11234,0.035999,1,2,2
3,11234,0.037999,0,0,0
3,11234,0.039999,0,0,0
3,11234,0.041999,0,0,0
3,11234,0.043999,0,0,0
3,11234,0.045999,0,0,0
3,11234,0.047999,0,0,0
3,11234,0.049999,1,2,2
3,11234,0.051999,1,2,2
3,11234,0.053999,1,2,2
3,11234,0.055999,1,2,2
3,11234,0.057999,1,2,2
3,11234,0.059999,1,2,2
3,11234,0.061999,1,2,2
3,11234,0.063999,1,2,2
3,11234,0.065999,2,4,2
3,11234,0.067999,2,4,2
3,11234,0.069999,0,0,0
3,11234,0.071999,0,0,0
3,11234,0.073999,0,0,0
3,11234,0.075999,0,0,0
3,11234,0.077999,0,0,0
3,11234,0.079999,0,0,0
3,11234,0.081999,0,0,0
3,11234,0.083999,0,0,0
3,11234,0.085999,1,2,2
3,11234,0.087999,1,2,2
3,11234,0.089999,1,2,2
3,11234,0.091999,1,2,2
3,11234,0.093999,1,2,2
3,11234,0.095999,1,2,2
3,11234,0.097999,1,2,2
3,11234,0.099999,0,0,0
3,11234,0.101999,0,0,0
3,11234,0.103999,0,0,0
3,11234,0.105999,0,0,0
3,11234,0.107999,0,0,0
3,11234,0.109999,0,0,0
3,11234,0.111999,0,0,0
3,11234,0.113999,1,2,2
3,11234,0.115999,1,2,2
3,11234,0.117999,1,2,2
3,11234,0.119999,1,2,2
3,11234,0.121999,1,2,2
3,11234,0.123999,1,2,2
3,11234,0.125999,1,2,2
3,11234,0.127999,1,2,2
3,11234,0.129999,1,2,2
3,11234,0.131999,1,3,3
3,11234,0.133999,2,5,3
3,11234,0.135999,2,6,4
3,11234,0.137999,2,6,4
3,11234,0.139999,2,5,3
3,11234,0.141999,3,7,3
3,11234,0.143999,4,8,2
3,11234,0.145999,4,8,2
3,11234,0.147999,3,6,2
3,11234,0.149999,4,8,2
3,11234,0.151999,4,8,2
3,11234,0.153999,4,8,2
3,11234,0.155999,5,10,2
3,11234,0.157999,4,8,2
3,11234,0.159999,3,6,2
3,11234,0.161999,3,6,2
3,11234,0.163999,3,6,2
3,11234,0.165999,3,6,2
3,11234,0.167999,3,6,2
3,11234,0.169999,3,6,2
3,11234,0.171999,4,8,2
3,11234,0.173999,2,4,2
3,11234,0.175999,3,6,2
3,11234,0.177999,2,4,2
3,11234,0.179999,4,9,3
3,11234,0.181999,4,9,3
3,11234,0.183999,4,8,2
3,11234,0.185999,4,8,2
3,11234,0.187999,4,9,3
3,11234,0.189999,3,7,3
3,11234,0.191999,3,6,2
3,11234,0.193999,4,8,2
3,11234,0.195999,3,6,2
3,11234,0.197999,2,4,2
3,11234,0.199999,4,8,2
3,11234,0.201999,5,10,2
3,11234,0.203999,6,12,2
3,11234,0.205999,5,10,2
3,11234,0.207999,3,6,2
3,11234,0.209999,5,11,3
3,11234,0.211999,5,11,3
3,11234,0.213999,5,12,3
3,11234,0.215999,7,14,2
3,11234,0.217999,7,14,2
3,11234,0.219999,7,14,2
3,11234,0.221999,6,12,2
3,11234,0.223999,6,12,2
3,11234,0.225999,4,12,4
3,11234,0.227999,4,12,4
3,11234,0.229999,6,14,4
3,11234,0.231999,6,14,4
3,11234,0.233999,7,16,4
3,11234,0.235999,7,16,4
3,11234,0.237999,9,20,4
3,11234,0.239999,8,21,5
3,11234,0.241999,10,23,3
3,11234,0.243999,8,20,5
3,11234,0.245999,9,22,5
3,11234,0.247999,10,24,5
3,11234,0.249999,11,26,5
3,11234,0.251999,10,24,5
3,11234,0.253999,11,24,3
3,11234,0.255999,10,23,3
3,11234,0.257999,9,20,3
3,11234,0.259999,7,14,2
3,11234,0.261999,7,14,2
3,11234,0.263999,8,16,2
3,11234,0.265999,9,18,2
3,11234,0.267999,9,18,2
3,11234,0.269999,9,19,3
3,11234,0.271999,8,19,4
3,11234,0.273999,10,22,3
3,11234,0.275999,9,19,3
3,11234,0.277999,12,25,3
3,11234,0.279999,10,25,5
3,11234,0.281999,11,24,3
3,11234,0.283999,12,26,3
3,11234,0.285999,10,24,4
3,11234,0.287999,11,24,3
3,11234,0.289999,12,25,3
3,11234,0.291999,12,25,3
3,11234,0.293999,12,25,3
3,11234,0.295999,11,23,3
3,11234,0.297999,10,22,4
3,11234,0.299999,9,22,4
3,11234,0.301999,9,21,4
3,11234,0.303999,9,20,3
3,11234,0.305999,9,19,3
3,11234,0.307999,9,18,2
3,11234,0.309999,9,18,2
3,11234,0.311999,7,15,3
3,11234,0.313999,7,14,2
3,11234,0.315999,7,14,2
3,11234,0.317999,7,15,3
3,11234,0.319999,7,14,2
3,11234,0.321999,6,12,2
3,11234,0.323999,7,14,2
3,11234,0.325999,8,16,2
3,11234,0.327999,8,16,2
3,11234,0.329999,8,16,2
3,11234,0.331999,8,17,3
3,11234,0.333999,8,16,2
3,11234,0.335999,8,16,2
3,11234,0.337999,8,16,2
3,11234,0.339999,9,18,2
3,11234,0.341999,8,16,2
3,11234,0.343999,7,16,4
3,11234,0.345999,6,15,5
3,11234,0.347999,6,15,5
3,11234,0.349999,8,16,2
3,11234,0.351999,9,18,2
3,11234,0.353999,8,16,2
3,11234,0.355999,8,16,2
3,11234,0.357999,7,14,2
3,11234,0.359999,7,14,2
3,11234,0.361999,7,14,2
3,11234,0.363999,6,12,2
3,11234,0.365999,6,12,2
3,11234,0.367999,5,10,2
3,11234,0.369999,5,10,2
3,11234,0.371999,7,14,2
3,11234,0.373999,7,14,2
3,11234,0.375999,8,16,2
3,11234,0.377999,8,16,2
3,11234,0.379999,8,16,2
3,11234,0.381999,6,15,4
3,11234,0.383999,6,15,4
3,11234,0.385999,6,14,3
3,11234,0.387999,6,14,3
3,11234,0.389999,6,14,3
3,11234,0.391999,6,13,3
3,11234,0.393999,6,13,3
3,11234,0.395999,6,13,3
3,11234,0.397999,6,14,4
3,11234,0.399999,7,14,2
3,11234,0.401999,7,14,2
3,11234,0.403999,7,14,2
3,11234,0.405999,7,14,2
3,11234,0.407999,7,14,2
3,11234,0.409999,7,14,2
3,11234,0.411999,6,14,4
3,11234,0.413999,6,14,4
3,11234,0.415999,7,16,4
3,11234,0.417999,7,16,4
3,11234,0.419999,6,16,6
3,11234,0.421999,6,16,6
3,11234,0.423999,6,16,6
3,11234,0.425999,6,16,6
3,11234,0.427999,6,16,6
3,11234,0.429999,5,14,6
3,11234,0.431999,5,14,6
3,11234,0.433999,6,16,6
3,11234,0.435999,7,18,6
3,11234,0.437999,7,16,4
3,11234,0.439999,7,16,4
3,11234,0.441999,7,16,4
3,11234,0.443999,8,18,4
3,11234,0.445999,7,16,4
3,11234,0.447999,8,18,4
3,11234,0.449999,8,18,4
3,11234,0.451999,8,18,4
3,11234,0.453999,8,18,4
3,11234,0.455999,8,18,4
3,11234,0.457999,8,18,4
3,11234,0.459999,7,16,4
3,11234,0.461999,7,16,4
3,11234,0.463999,7,16,4
3,11234,0.465999,7,16,4
3,11234,0.467999,7,16,4
3,11234,0.469999,7,16,4
3,11234,0.471999,8,18,4
3,11234,0.473999,7,16,4
3,11234,0.475999,7,16,4
3,11234,0.477999,7,16,4
3,11234,0.479999,7,16,4
3,11234,0.481999,7,16,4
3,11234,0.483999,7,16,4
3,11234,0.485999,7,16,4
3,11234,0.487999,8,18,4
3,11234,0.489999,7,16,4
3,11234,0.491999,7,15,3
3,11234,0.493999,7,15,3
3,11234,0.495999,8,18,4
3,11234,0.497999,9,20,4
3,11234,0.499999,9,20,4
3,11234,0.501999,8,18,4
3,11234,0.503999,7,15,3
3,11234,0.505999,8,17,3
3,11234,0.507999,8,17,3
3,11234,0.509999,8,17,3
3,11234,0.511999,8,17,3
3,11234,0.513999,8,17,3
3,11234,0.515999,9,19,3
3,11234,0.517999,8,17,3
3,11234,0.519999,7,15,3
3,11234,0.521999,7,15,3
3,11234,0.523999,8,17,3
3,11234,0.525999,8,18,4
3,11234,0.527999,8,18,4
3,11234,0.529999,8,18,4
3,11234,0.531999,8,18,4
3,11234,0.533999,8,18,4
3,11234,0.535999,7,16,4
3,11234,0.537999,6,14,4
3,11234,0.539999,6,14,4
3,11234,0.541999,7,15,3
3,11234,0.543999,8,18,4
3,11234,0.545999,8,18,4
3,11234,0.547999,9,20,4
3,11234,0.549999,9,20,4
3,11234,0.551999,9,20,4
3,11234,0.553999,9,19,3
3,11234,0.555999,9,19,3
3,11234,0.557999,9,19,3
3,11234,0.559999,9,19,3
3,11234,0.561999,9,19,3
3,11234,0.563999,8,17,3
3,11234,0.565999,7,15,3
3,11234,0.567999,7,15,3
3,11234,0.569999,7,15,3
3,11234,0.571999,8,17,3
3,11234,0.573999,8,17,3
3,11234,0.575999,8,18,4
3,11234,0.577999,8,17,3
3,11234,0.579999,8,18,4
3,11234,0.581999,8,18,4
3,11234,0.583999,8,18,4
3,11234,0.585999,7,18,6
3,11234,0.587999,7,18,6
3,11234,0.589999,8,20,6
3,11234,0.591999,8,20,6
3,11234,0.593999,7,18,6
3,11234,0.595999,8,18,3
3,11234,0.597999,7,18,6
3,11234,0.599999,7,18,6
3,11234,0.601999,7,18,6
3,11234,0.603999,7,18,6
3,11234,0.605999,7,18,6
3,11234,0.607999,6,16,6
3,11234,0.609999,7,18,6
3,11234,0.611999,7,18,6
3,11234,0.613999,7,18,6
3,11234,0.615999,7,18,6
3,11234,0.617999,8,20,6
3,11234,0.619999,8,20,6
3,11234,0.621999,8,20,6
3,11234,0.623999,8,20,6
3,11234,0.625999,8,20,6
3,11234,0.627999,9,20,3
3,11234,0.629999,9,20,3
3,11234,0.631999,9,22,6
3,11234,0.633999,9,22,6
3,11234,0.635999,9,22,6
3,11234,0.637999,9,22,6
3,11234,0.639999,9,22,6
3,11234,0.641999,9,22,6
3,11234,0.643999,9,22,6
3,11234,0.645999,8,20,6
3,11234,0.647999,8,20,6
3,11234,0.649999,8,20,6
3,11234,0.651999,8,20,6
3,11234,0.653999,8,20,6
3,11234,0.655999,9,22,6
3,11234,0.657999,9,22,6
3,11234,0.659999,9,22,6
3,11234,0.661999,9,22,6
3,11234,0.663999,9,22,6
3,11234,0.665999,9,22,6
3,11234,0.667999,9,22,6
3,11234,0.669999,10,24,6
3,11234,0.671999,10,24,6
3,11234,0.673999,10,24,6
3,11234,0.675999,10,24,6
3,11234,0.677999,10,24,6
3,11234,0.679999,10,24,6
3,11234,0.681999,9,22,6
3,11234,0.683999,9,22,6
3,11234,0.685999,9,22,6
3,11234,0.687999,9,22,6
3,11234,0.689999,9,22,6
3,11234,0.691999,9,22,6
3,11234,0.693999,9,22,6
3,11234,0.695999,9,22,6
3,11234,0.697999,9,22,6
3,11234,0.699999,9,22,6
3,11234,0.701999,9,22,6
3,11234,0.703999,9,22,6
3,11234,0.705999,9,22,6
3,11234,0.707999,9,22,6
3,11234,0.709999,9,22,6
3,11234,0.711999,9,22,6
3,11234,0.713999,9,22,6
3,11234,0.715999,9,22,6
3,11234,0.717999,10,24,6
3,11234,0.719999,10,24,6
3,11234,0.721999,10,24,6
3,11234,0.723999,10,24,6
3,11234,0.725999,10,24,6
3,11234,0.727999,10,24,6
3,11234,0.729999,10,24,6
3,11234,0.731999,10,24,6
3,11234,0.733999,10,24,6
3,11234,0.735999,10,24,6
3,11234,0.737999,10,24,6
3,11234,0.739999,10,24,6
3,11234,0.741999,10,24,6
3,11234,0.743999,10,24,6
3,11234,0.745999,10,24,6
3,11234,0.747999,10,24,6
3,11234,0.749999,10,24,6
3,11234,0.751999,10,24,6
3,11234,0.753999,10,24,6
3,11234,0.755999,10,24,6
3,11234,0.757999,10,24,6
3,11234,0.759999,10,24,6
3,11234,0.761999,10,24,6
3,11234,0.763999,10,24,6
3,11234,0.765999,10,24,6
3,11234,0.767999,10,24,6
3,11234,0.769999,10,24,6
3,11234,0.771999,11,24,4
3,11234,0.773999,11,24,4
3,11234,0.775999,11,24,4
3,11234,0.777999,11,24,4
3,11234,0.779999,11,24,4
3,11234,0.781999,11,24,4
3,11234,0.783999,11,24,4
3,11234,0.785999,11,24,4
3,11234,0.787999,11,24,4
3,11234,0.789999,11,24,4
3,11234,0.791999,11,24,4
3,11234,0.793999,11,24,4
3,11234,0.795999,11,24,4
3,11234,0.797999,11,24,4
3,11234,0.799999,11,24,4
3,11234,0.801999,10,22,4
3,11234,0.803999,10,22,4
3,11234,0.805999,10,22,4
3,11234,0.807999,10,22,4
3,11234,0.809999,10,22,4
3,11234,0.811999,10,22,4
3,11234,0.813999,10,22,4
3,11234,0.815999,10,22,4
3,11234,0.817999,10,22,4
3,11234,0.819999,10,22,4
3,11234,0.821999,10,22,4
3,11234,0.823999,10,22,4
3,11234,0.825999,10,22,4
3,11234,0.827999,10,22,4
3,11234,0.829999,10,22,4
3,11234,0.831999,10,22,4
3,11234,0.833999,10,22,4
3,11234,0.835999,10,22,4
3,11234,0.837999,10,22,4
3,11234,0.839999,10,22,4
3,11234,0.841999,10,22,4
3,11234,0.843999,10,22,4
3,11234,0.845999,10,21,3
3,11234,0.847999,10,21,3
3,11234,0.849999,10,21,3
3,11234,0.851999,10,21,3
3,11234,0.853999,10,21,3
3,11234,0.855999,10,21,3
3,11234,0.857999,10,21,3
3,11234,0.859999,11,23,3
3,11234,0.861999,11,23,3
3,11234,0.863999,11,23,3
3,11234,0.865999,10,21,3
3,11234,0.867999,10,21,3
3,11234,0.869999,10,21,3
3,11234,0.871999,10,21,3
3,11234,0.873999,10,21,3
3,11234,0.875999,10,21,3
3,11234,0.877999,10,21,3
3,11234,0.879999,10,21,3
3,11234,0.881999,10,21,3
3,11234,0.883999,10,21,3
3,11234,0.885999,10,21,3
3,11234,0.887999,10,21,3
3,11234,0.889999,10,21,3
3,11234,0.891999,10,21,3
3,11234,0.893999,10,21,3
3,11234,0.895999,10,21,3
3,11234,0.897999,10,21,3
3,11234,0.899999,10,21,3
3,11234,0.901999,10,21,3
3,11234,0.903999,10,21,3
3,11234,0.905999,10,21,3
3,11234,0.907999,10,21,3
3,11234,0.909999,10,21,3
3,11234,0.911999,10,21,3
3,11234,0.913999,10,21,3
3,11234,0.915999,10,21,3
3,11234,0.917999,10,21,3
3,11234,0.919999,10,21,3
3,11234,0.921999,10,21,3
3,11234,0.923999,10,21,3
3,11234,0.925999,10,21,3
3,11234,0.927999,10,21,3
3,11234,0.929999,10,21,3
3,11234,0.931999,10,21,3
3,11234,0.933999,10,21,3
3,11234,0.935999,10,21,3
3,11234,0.937999,10,21,3
3,11234,0.939999,10,21,3
3,11234,0.941999,10,21,3
3,11234,0.943999,10,21,3
3,11234,0.945999,10,21,3
3,11234,0.947999,10,21,3
3,11234,0.949999,10,21,3
3,11234,0.951999,10,21,3
3,11234,0.953999,10,21,3
3,11234,0.955999,10,21,3
3,11234,0.957999,10,21,3
3,11234,0.959999,10,21,3
3,11234,0.961999,10,21,3
3,11234,0.963999,10,21,3
3,11234,0.965999,10,21,3
3,11234,0.967999,10,21,3
3,11234,0.969999,10,21,3
3,11234,0.971999,10,21,3
3,11234,0.973999,10,21,3
3,11234,0.975999,10,21,3
3,11234,0.977999,10,21,3
3,11234,0.979999,10,21,3
3,11234,0.981999,10,21,3
3,11234,0.983999,10,21,3
3,11234,0.985999,10,21,3
3,11234,0.987999,10,21,3
3,11234,0.989999,10,21,3
3,11234,0.991999,10,21,3
3,11234,0.993999,10,21,3
3,11234,0.995999,10,21,3
3,11234,0.997999,10,22,4
3,11234,0.999999,10,22,4
3,101098,0.0,2,4,2
3,101098,0.001999,1,2,2
3,101098,0.003999,2,4,2
3,101098,0.005999,1,2,2
3,101098,0.007999,0,0,0
3,101098,0.009999,1,2,2
3,101098,0.011999,0,0,0
3,101098,0.013999,0,0,0
3,101098,0.015999,0,0,0
3,101098,0.017999,0,0,0
3,101098,0.019999,0,0,0
3,101098,0.021999,1,2,2
3,101098,0.023999,1,2,2
3,101098,0.025999,2,4,2
3,101098,0.027999,1,2,2
3,101098,0.029999,0,0,0
3,101098,0.031999,0,0,0
3,101098,0.033999,0,0,0
3,101098,0.035999,0,0,0
3,101098,0.037999,0,0,0
3,101098,0.039999,0,0,0
3,101098,0.041999,1,2,2
3,101098,0.043999,1,2,2
3,101098,0.045999,1,2,2
3,101098,0.047999,0,0,0
3,101098,0.049999,0,0,0
3,101098,0.051999,0,0,0
3,101098,0.053999,1,2,2
3,101098,0.055999,0,0,0
3,101098,0.057999,1,2,2
3,101098,0.059999,1,2,2
3,101098,0.061999,0,0,0
3,101098,0.063999,0,0,0
3,101098,0.065999,0,0,0
3,101098,0.067999,0,0,0
3,101098,0.069999,0,0,0
3,101098,0.071999,0,0,0
3,101098,0.073999,0,0,0
3,101098,0.075999,0,0,0
3,101098,0.077999,0,0,0
3,101098,0.079999,0,0,0
3,101098,0.081999,0,0,0
3,101098,0.083999,0,0,0
3,101098,0.085999,0,0,0
3,101098,0.087999,0,0,0
3,101098,0.089999,0,0,0
3,101098,0.091999,0,0,0
3,101098,0.093999,0,0,0
3,101098,0.095999,0,0,0
3,101098,0.097999,0,0,0
3,101098,0.099999,1,2,2
3,101098,0.101999,1,2,2
3,101098,0.103999,1,2,2
3,101098,0.105999,1,2,2
3,101098,0.107999,0,0,0
3,101098,0.109999,0,0,0
3,101098,0.111999,1,2,2
3,101098,0.113999,0,0,0
3,101098,0.115999,0,0,0
3,101098,0.117999,1,2,2
3,101098,0.119999,1,2,2
3,101098,0.121999,1,2,2
3,101098,0.123999,2,4,2
3,101098,0.125999,1,2,2
3,101098,0.127999,1,2,2
3,101098,0.129999,1,2,2
3,101098,0.131999,1,2,2
3,101098,0.133999,1,2,2
3,101098,0.135999,1,2,2
3,101098,0.137999,2,4,2
3,101098,0.139999,2,4,2
3,101098,0.141999,2,4,2
3,101098,0.143999,1,2,2
3,101098,0.145999,1,2,2
3,101098,0.147999,2,4,2
3,101098,0.149999,2,4,2
3,101098,0.151999,2,4,2
3,101098,0.153999,2,5,3
3,101098,0.155999,2,5,3
3,101098,0.157999,1,3,3
3,101098,0.159999,2,4,2
3,101098,0.161999,2,4,2
3,101098,0.163999,2,4,2
3,101098,0.165999,2,4,2
3,101098,0.167999,2,4,2
3,101098,0.169999,1,2,2
3,101098,0.171999,1,2,2
3,101098,0.173999,0,0,0
3,101098,0.175999,3,6,2
3,101098,0.177999,4,8,2
3,101098,0.179999,4,8,2
3,101098,0.181999,5,10,2
3,101098,0.183999,5,10,2
3,101098,0.185999,4,10,4
3,101098,0.187999,4,8,2
3,101098,0.189999,3,6,2
3,101098,0.191999,1,2,2
3,101098,0.193999,0,0,0
3,101098,0.195999,1,2,2
3,101098,0.197999,2,4,2
3,101098,0.199999,5,11,3
3,101098,0.201999,5,11,3
3,101098,0.203999,6,13,3
3,101098,0.205999,7,16,3
3,101098,0.207999,6,16,4
3,101098,0.209999,6,16,4
3,101098,0.211999,6,15,4
3,101098,0.213999,6,15,4
3,101098,0.215999,8,17,3
3,101098,0.217999,8,17,3
3,101098,0.219999,7,15,3
3,101098,0.221999,6,14,3
3,101098,0.223999,5,13,3
3,101098,0.225999,7,16,3
3,101098,0.227999,7,16,3
3,101098,0.229999,6,14,3
3,101098,0.231999,7,16,3
3,101098,0.233999,6,13,3
3,101098,0.235999,6,13,3
3,101098,0.237999,5,11,3
3,101098,0.239999,7,15,3
3,101098,0.241999,6,14,4
3,101098,0.243999,7,16,4
3,101098,0.245999,7,16,4
3,101098,0.247999,7,16,4
3,101098,0.249999,5,12,4
3,101098,0.251999,7,16,3
3,101098,0.253999,7,17,4
3,101098,0.255999,7,18,3
3,101098,0.257999,6,16,3
3,101098,0.259999,7,18,3
3,101098,0.261999,6,16,3
3,101098,0.263999,7,18,5
3,101098,0.265999,7,18,5
3,101098,0.267999,7,18,4
3,101098,0.269999,7,20,4
3,101098,0.271999,8,20,4
3,101098,0.273999,8,19,3
3,101098,0.275999,7,16,3
3,101098,0.277999,7,16,3
3,101098,0.279999,6,14,3
3,101098,0.281999,6,15,4
3,101098,0.283999,6,15,4
3,101098,0.285999,6,16,5
3,101098,0.287999,6,16,5
3,101098,0.289999,6,17,6
3,101098,0.291999,6,17,5
3,101098,0.293999,7,17,4
3,101098,0.295999,6,13,3
3,101098,0.297999,8,17,3
3,101098,0.299999,7,15,3
3,101098,0.301999,8,17,3
3,101098,0.303999,8,19,4
3,101098,0.305999,8,19,4
3,101098,0.307999,9,21,3
3,101098,0.309999,9,22,3
3,101098,0.311999,9,24,4
3,101098,0.313999,9,25,5
3,101098,0.315999,9,25,5
3,101098,0.317999,9,25,6
3,101098,0.319999,9,24,6
3,101098,0.321999,8,24,9
3,101098,0.323999,10,26,7
3,101098,0.325999,9,24,7
3,101098,0.327999,9,23,6
3,101098,0.329999,9,23,6
3,101098,0.331999,9,22,5
3,101098,0.333999,8,20,5
3,101098,0.335999,7,21,4
3,101098,0.337999,8,23,4
3,101098,0.339999,10,26,4
3,101098,0.341999,8,23,4
3,101098,0.343999,8,23,4
3,101098,0.345999,8,23,4
3,101098,0.347999,7,24,5
3,101098,0.349999,6,25,8
3,101098,0.351999,6,25,8
3,101098,0.353999,7,25,6
3,101098,0.355999,7,25,6
3,101098,0.357999,8,26,6
3,101098,0.359999,8,26,7
3,101098,0.361999,7,25,8
3,101098,0.363999,8,25,6
3,101098,0.365999,10,26,5
3,101098,0.367999,10,26,4
3,101098,0.369999,9,26,5
3,101098,0.371999,9,26,5
3,101098,0.373999,10,26,4
3,101098,0.375999,10,26,4
3,101098,0.377999,10,26,4
3,101098,0.379999,10,26,4
3,101098,0.381999,9,25,5
3,101098,0.383999,10,25,4
3,101098,0.385999,10,25,4
3,101098,0.387999,9,23,4
3,101098,0.389999,9,23,4
3,101098,0.391999,10,24,4
3,101098,0.393999,9,24,5
3,101098,0.395999,10,24,5
3,101098,0.397999,9,22,5
3,101098,0.399999,8,20,5
3,101098,0.401999,9,23,5
3,101098,0.403999,8,21,5
3,101098,0.405999,8,24,7
3,101098,0.407999,8,25,8
3,101098,0.409999,7,22,7
3,101098,0.411999,7,22,7
3,101098,0.413999,7,22,7
3,101098,0.415999,7,20,7
3,101098,0.417999,9,24,7
3,101098,0.419999,10,26,7
3,101098,0.421999,9,25,7
3,101098,0.423999,6,18,7
3,101098,0.425999,6,19,8
3,101098,0.427999,6,19,8
3,101098,0.429999,5,17,8
3,101098,0.431999,6,19,8
3,101098,0.433999,6,19,8
3,101098,0.435999,8,23,8
3,101098,0.437999,8,22,7
3,101098,0.439999,8,22,7
3,101098,0.441999,8,24,8
3,101098,0.443999,8,25,9
3,101098,0.445999,8,23,7
3,101098,0.447999,8,25,7
3,101098,0.449999,7,21,7
3,101098,0.451999,8,23,7
3,101098,0.453999,7,20,6
3,101098,0.455999,8,23,7
3,101098,0.457999,8,23,7
3,101098,0.459999,9,25,7
3,101098,0.461999,9,24,6
3,101098,0.463999,9,23,6
3,101098,0.465999,9,25,6
3,101098,0.467999,9,25,6
3,101098,0.469999,9,25,6
3,101098,0.471999,9,24,6
3,101098,0.473999,10,26,6
3,101098,0.475999,10,26,6
3,101098,0.477999,10,26,6
3,101098,0.479999,10,27,6
3,101098,0.481999,10,27,6
3,101098,0.483999,10,27,6
3,101098,0.485999,9,25,6
3,101098,0.487999,9,25,6
3,101098,0.489999,8,23,6
3,101098,0.491999,8,23,6
3,101098,0.493999,8,23,6
3,101098,0.495999,8,24,7
3,101098,0.497999,8,24,7
3,101098,0.499999,9,26,7
3,101098,0.501999,9,25,6
3,101098,0.503999,9,25,6
3,101098,0.505999,9,25,6
3,101098,0.507999,9,24,6
3,101098,0.509999,9,24,6
3,101098,0.511999,9,24,6
3,101098,0.513999,9,24,6
3,101098,0.515999,9,24,6
3,101098,0.517999,9,25,6
3,101098,0.519999,9,25,6
3,101098,0.521999,10,27,6
3,101098,0.523999,10,27,6
3,101098,0.525999,10,27,6
3,101098,0.527999,10,27,6
3,101098,0.529999,10,27,6
3,101098,0.531999,10,27,6
3,101098,0.533999,10,27,6
3,101098,0.535999,10,27,6
3,101098,0.537999,10,27,6
3,101098,0.539999,10,27,6
3,101098,0.541999,9,25,6
3,101098,0.543999,9,24,6
3,101098,0.545999,9,25,7
3,101098,0.547999,9,25,7
3,101098,0.549999,9,25,7
3,101098,0.551999,9,25,7
3,101098,0.553999,8,25,7
3,101098,0.555999,8,25,7
3,101098,0.557999,9,25,5
3,101098,0.559999,9,25,5
3,101098,0.561999,10,27,5
3,101098,0.563999,10,27,5
3,101098,0.565999,10,27,5
3,101098,0.567999,11,29,5
3,101098,0.569999,10,29,7
3,101098,0.571999,10,29,7
3,101098,0.573999,11,29,7
3,101098,0.575999,10,26,6
3,101098,0.577999,9,26,6
3,101098,0.579999,9,26,6
3,101098,0.581999,9,27,6
3,101098,0.583999,9,27,6
3,101098,0.585999,9,26,6
3,101098,0.587999,10,28,6
3,101098,0.589999,10,28,6
3,101098,0.591999,10,28,6
3,101098,0.593999,9,26,6
3,101098,0.595999,9,26,6
3,101098,0.597999,9,26,6
3,101098,0.599999,9,26,6
3,101098,0.601999,10,29,6
3,101098,0.603999,10,28,6
3,101098,0.605999,10,29,6
3,101098,0.607999,10,28,6
3,101098,0.609999,10,28,6
3,101098,0.611999,10,28,6
3,101098,0.613999,10,28,6
3,101098,0.615999,10,29,6
3,101098,0.617999,10,28,6
3,101098,0.619999,10,28,6
3,101098,0.621999,10,28,6
3,101098,0.623999,10,28,6
3,101098,0.625999,10,28,6
3,101098,0.627999,10,28,6
3,101098,0.629999,10,28,6
3,101098,0.631999,10,28,6
3,101098,0.633999,10,29,6
3,101098,0.635999,10,29,6
3,101098,0.637999,10,28,6
3,101098,0.639999,10,29,6
3,101098,0.641999,10,28,6
3,101098,0.643999,10,28,6
3,101098,0.645999,10,28,6
3,101098,0.647999,10,28,6
3,101098,0.649999,10,28,6
3,101098,0.651999,10,28,6
3,101098,0.653999,10,28,6
3,101098,0.655999,10,28,6
3,101098,0.657999,10,28,6
3,101098,0.659999,10,28,6
3,101098,0.661999,10,28,6
3,101098,0.663999,10,28,6
3,101098,0.665999,10,28,6
3,101098,0.667999,10,28,6
3,101098,0.669999,10,28,6
3,101098,0.671999,10,28,6
3,101098,0.673999,10,28,6
3,101098,0.675999,10,29,6
3,101098,0.677999,10,29,6
3,101098,0.679999,10,30,6
3,101098,0.681999,10,30,6
3,101098,0.683999,10,30,6
3,101098,0.685999,10,29,6
3,101098,0.687999,10,29,6
3,101098,0.689999,10,29,6
3,101098,0.691999,10,29,6
3,101098,0.693999,9,27,6
3,101098,0.695999,9,27,6
3,101098,0.697999,9,27,6
3,101098,0.699999,9,27,6
3,101098,0.701999,9,27,6
3,101098,0.703999,9,27,6
3,101098,0.705999,9,27,6
3,101098,0.707999,9,27,6
3,101098,0.709999,9,27,6
3,101098,0.711999,9,27,6
3,101098,0.713999,9,27,6
3,101098,0.715999,9,27,6
3,101098,0.717999,9,27,6
3,101098,0.719999,10,29,6
3,101098,0.721999,10,29,6
3,101098,0.723999,10,29,6
3,101098,0.725999,10,29,6
3,101098,0.727999,10,29,6
3,101098,0.729999,10,29,6
3,101098,0.731999,10,29,6
3,101098,0.733999,10,29,6
3,101098,0.735999,10,29,6
3,101098,0.737999,10,29,6
3,101098,0.739999,10,29,6
3,101098,0.741999,10,29,6
3,101098,0.743999,10,29,6
3,101098,0.745999,10,29,6
3,101098,0.747999,10,29,6
3,101098,0.749999,10,29,6
3,101098,0.751999,10,29,6
3,101098,0.753999,10,29,6
3,101098,0.755999,10,29,6
3,101098,0.757999,10,29,6
3,101098,0.759999,10,29,6
3,101098,0.761999,10,29,6
3,101098,0.763999,10,29,6
3,101098,0.765999,10,29,6
3,101098,0.767999,10,29,6
3,101098,0.769999,10,29,6
3,101098,0.771999,10,29,6
3,101098,0.773999,10,29,6
3,101098,0.775999,10,29,6
3,101098,0.777999,10,29,6
3,101098,0.779999,10,29,6
3,101098,0.781999,10,29,6
3,101098,0.783999,10,29,6
3,101098,0.785999,10,29,6
3,101098,0.787999,10,29,6
3,101098,0.789999,10,29,6
3,101098,0.791999,10,29,6
3,101098,0.793999,10,29,6
3,101098,0.795999,10,29,6
3,101098,0.797999,10,29,6
3,101098,0.799999,10,29,6
3,101098,0.801999,10,29,6
3,101098,0.803999,10,29,6
3,101098,0.805999,10,29,6
3,101098,0.807999,10,29,6
3,101098,0.809999,10,29,6
3,101098,0.811999,10,29,6
3,101098,0.813999,10,29,6
3,101098,0.815999,10,29,6
3,101098,0.817999,10,29,6
3,101098,0.819999,10,29,6
3,101098,0.821999,10,29,6
3,101098,0.823999,10,29,6
3,101098,0.825999,10,29,6
3,101098,0.827999,10,29,6
3,101098,0.829999,10,29,6
3,101098,0.831999,10,29,6
3,101098,0.833999,10,29,6
3,101098,0.835999,10,29,6
3,101098,0.837999,10,29,6
3,101098,0.839999,10,29,6
3,101098,0.841999,10,29,6
3,101098,0.843999,10,29,6
3,101098,0.845999,10,29,6
3,101098,0.847999,10,29,6
3,101098,0.849999,10,29,6
3,101098,0.851999,10,29,6
3,101098,0.853999,10,29,6
3,101098,0.855999,10,29,6
3,101098,0.857999,10,29,6
3,101098,0.859999,10,29,6
3,101098,0.861999,10,29,6
3,101098,0.863999,10,29,6
3,101098,0.865999,10,29,6
3,101098,0.867999,10,29,6
3,101098,0.869999,10,29,6
3,101098,0.871999,10,29,6
3,101098,0.873999,10,29,6
3,101098,0.875999,10,29,6
3,101098,0.877999,10,29,6
3,101098,0.879999,10,29,6
3,101098,0.881999,10,29,6
3,101098,0.883999,10,29,6
3,101098,0.885999,10,29,6
3,101098,0.887999,10,29,6
3,101098,0.889999,10,29,6
3,101098,0.891999,10,29,6
3,101098,0.893999,10,29,6
3,101098,0.895999,10,29,6
3,101098,0.897999,10,29,6
3,101098,0.899999,10,29,6
3,101098,0.901999,10,29,6
3,101098,0.903999,10,29,6
3,101098,0.905999,10,29,6
3,101098,0.907999,10,29,6
3,101098,0.909999,10,29,6
3,101098,0.911999,10,29,6
3,101098,0.913999,10,29,6
3,101098,0.915999,10,29,6
3,101098,0.917999,10,29,6
3,101098,0.919999,10,29,6
3,101098,0.921999,10,29,6
3,101098,0.923999,10,29,6
3,101098,0.925999,10,29,6
3,101098,0.927999,10,29,6
3,101098,0.929999,10,29,6
3,101098,0.931999,10,29,6
3,101098,0.933999,10,29,6
3,101098,0.935999,10,29,6
3,101098,0.937999,10,29,6
3,101098,0.939999,10,29,6
3,101098,0.941999,10,29,6
3,101098,0.943999,10,29,6
3,101098,0.945999,10,29,6
3,101098,0.947999,10,29,6
3,101098,0.949999,10,29,6
3,101098,0.951999,10,29,6
3,101098,0.953999,10,29,6
3,101098,0.955999,10,29,6
3,101098,0.957999,10,29,6
3,101098,0.959999,10,29,6
3,101098,0.961999,10,29,6
3,101098,0.963999,10,29,6
3,101098,0.965999,10,29,6
3,101098,0.967999,10,29,6
3,101098,0.969999,10,29,6
3,101098,0.971999,10,29,6
3,101098,0.973999,10,29,6
3,101098,0.975999,10,29,6
3,101098,0.977999,10,29,6
3,101098,0.979999,10,29,6
3,101098,0.981999,10,29,6
3,101098,0.983999,10,29,6
3,101098,0.985999,10,29,6
3,101098,0.987999,10,29,6
3,101098,0.989999,10,29,6
3,101098,0.991999,10,29,6
3,101098,0.993999,10,29,6
3,101098,0.995999,10,29,6
3,101098,0.997999,10,29,6
3,101098,0.999999,10,29,6
3,333,0.0,4,8,2
3,333,0.001999,0,0,0
3,333,0.003999,0,0,0
3,333,0.005999,0,0,0
3,333,0.007999,0,0,0
3,333,0.009999,0,0,0
3,333,0.011999,0,0,0
3,333,0.013999,0,0,0
3,333,0.015999,0,0,0
3,333,0.017999,0,0,0
3,333,0.019999,2,4,2
3,333,0.021999,1,2,2
3,333,0.023999,0,0,0
3,333,0.025999,0,0,0
3,333,0.027999,0,0,0
3,333,0.029999,0,0,0
3,333,0.031999,0,0,0
3,333,0.033999,1,2,2
3,333,0.035999,0,0,0
3,333,0.037999,0,0,0
3,333,0.039999,1,2,2
3,333,0.041999,0,0,0
3,333,0.043999,0,0,0
3,333,0.045999,0,0,0
3,333,0.047999,0,0,0
3,333,0.049999,0,0,0
3,333,0.051999,0,0,0
3,333,0.053999,1,2,2
3,333,0.055999,0,0,0
3,333,0.057999,0,0,0
3,333,0.059999,0,0,0
3,333,0.061999,0,0,0
3,333,0.063999,0,0,0
3,333,0.065999,0,0,0
3,333,0.067999,0,0,0
3,333,0.069999,0,0,0
3,333,0.071999,2,4,2
3,333,0.073999,3,6,2
3,333,0.075999,3,6,2
3,333,0.077999,2,4,2
3,333,0.079999,2,4,2
3,333,0.081999,0,0,0
3,333,0.083999,0,0,0
3,333,0.085999,0,0,0
3,333,0.087999,0,0,0
3,333,0.089999,0,0,0
3,333,0.091999,0,0,0
3,333,0.093999,0,0,0
3,333,0.095999,0,0,0
3,333,0.097999,0,0,0
3,333,0.099999,0,0,0
3,333,0.101999,0,0,0
3,333,0.103999,0,0,0
3,333,0.105999,0,0,0
3,333,0.107999,0,0,0
3,333,0.109999,0,0,0
3,333,0.111999,0,0,0
3,333,0.113999,0,0,0
3,333,0.115999,0,0,0
3,333,0.117999,0,0,0
3,333,0.119999,0,0,0
3,333,0.121999,0,0,0
3,333,0.123999,0,0,0
3,333,0.125999,0,0,0
3,333,0.127999,0,0,0
3,333,0.129999,0,0,0
3,333,0.131999,0,0,0
3,333,0.133999,0,0,0
3,333,0.135999,0,0,0
3,333,0.137999,0,0,0
3,333,0.139999,2,4,2
3,333,0.141999,2,4,2
3,333,0.143999,2,4,2
3,333,0.145999,2,4,2
3,333,0.147999,1,2,2
3,333,0.149999,0,0,0
3,333,0.151999,0,0,0
3,333,0.153999,0,0,0
3,333,0.155999,0,0,0
3,333,0.157999,0,0,0
3,333,0.159999,0,0,0
3,333,0.161999,1,2,2
3,333,0.163999,1,2,2
3,333,0.165999,1,2,2
3,333,0.167999,1,2,2
3,333,0.169999,1,2,2
3,333,0.171999,1,2,2
3,333,0.173999,2,4,2
3,333,0.175999,2,4,2
3,333,0.177999,4,8,2
3,333,0.179999,4,8,2
3,333,0.181999,3,6,2
3,333,0.183999,3,6,2
3,333,0.185999,3,6,2
3,333,0.187999,2,4,2
3,333,0.189999,3,6,2
3,333,0.191999,4,8,2
3,333,0.193999,2,4,2
3,333,0.195999,3,6,2
3,333,0.197999,2,4,2
3,333,0.199999,0,0,0
3,333,0.201999,2,4,2
3,333,0.203999,2,4,2
3,333,0.205999,2,4,2
3,333,0.207999,3,6,2
3,333,0.209999,2,4,2
3,333,0.211999,2,4,2
3,333,0.213999,2,4,2
3,333,0.215999,3,6,2
3,333,0.217999,4,8,2
3,333,0.219999,5,10,2
3,333,0.221999,5,10,2
3,333,0.223999,4,8,2
3,333,0.225999,4,8,2
3,333,0.227999,5,10,2
3,333,0.229999,5,10,2
3,333,0.231999,5,11,3
3,333,0.233999,4,9,3
3,333,0.235999,4,10,3
3,333,0.237999,4,11,4
3,333,0.239999,5,13,4
3,333,0.241999,6,14,3
3,333,0.243999,6,15,3
3,333,0.245999,4,10,3
3,333,0.247999,3,8,3
3,333,0.249999,3,7,3
3,333,0.251999,3,7,3
3,333,0.253999,4,10,3
3,333,0.255999,4,10,3
3,333,0.257999,5,12,3
3,333,0.259999,5,12,3
3,333,0.261999,5,11,3
3,333,0.263999,6,13,3
3,333,0.265999,8,17,3
3,333,0.267999,6,13,3
3,333,0.269999,5,12,3
3,333,0.271999,6,14,3
3,333,0.273999,7,15,3
3,333,0.275999,5,10,2
3,333,0.277999,6,13,3
3,333,0.279999,5,11,3
3,333,0.281999,5,11,3
3,333,0.283999,6,14,3
3,333,0.285999,7,16,3
3,333,0.287999,7,16,3
3,333,0.289999,7,15,3
3,333,0.291999,5,13,4
3,333,0.293999,4,11,4
3,333,0.295999,3,8,3
3,333,0.297999,3,9,4
3,333,0.299999,4,10,3
3,333,0.301999,4,10,3
3,333,0.303999,4,10,3
3,333,0.305999,4,10,3
3,333,0.307999,3,8,3
3,333,0.309999,3,8,3
3,333,0.311999,3,8,3
3,333,0.313999,3,8,3
3,333,0.315999,4,10,3
3,333,0.317999,4,10,3
3,333,0.319999,4,10,3
3,333,0.321999,4,10,3
3,333,0.323999,4,10,3
3,333,0.325999,5,12,3
3,333,0.327999,6,14,3
3,333,0.329999,7,16,3
3,333,0.331999,8,19,3
3,333,0.333999,7,17,3
3,333,0.335999,7,16,3
3,333,0.337999,7,17,3
3,333,0.339999,7,17,3
3,333,0.341999,7,17,3
3,333,0.343999,6,15,3
3,333,0.345999,6,15,3
3,333,0.347999,6,14,3
3,333,0.349999,6,15,3
3,333,0.351999,5,14,4
3,333,0.353999,5,14,4
3,333,0.355999,5,14,4
3,333,0.357999,5,14,4
3,333,0.359999,5,14,4
3,333,0.361999,5,14,4
3,333,0.363999,6,16,4
3,333,0.365999,6,16,4
3,333,0.367999,7,19,4
3,333,0.369999,7,19,4
3,333,0.371999,6,19,5
3,333,0.373999,6,17,4
3,333,0.375999,6,17,4
3,333,0.377999,6,17,4
3,333,0.379999,6,16,4
3,333,0.381999,6,16,4
3,333,0.383999,7,18,4
3,333,0.385999,7,18,4
3,333,0.387999,7,19,4
3,333,0.389999,6,16,3
3,333,0.391999,7,19,3
3,333,0.393999,8,22,4
3,333,0.395999,7,20,4
3,333,0.397999,8,20,4
3,333,0.399999,7,19,4
3,333,0.401999,7,19,4
3,333,0.403999,8,21,4
3,333,0.405999,7,18,4
3,333,0.407999,7,17,3
3,333,0.409999,7,17,3
3,333,0.411999,8,19,3
3,333,0.413999,8,20,4
3,333,0.415999,8,19,4
3,333,0.417999,8,19,4
3,333,0.419999,7,17,4
3,333,0.421999,8,17,3
3,333,0.423999,8,18,4
3,333,0.425999,8,17,3
3,333,0.427999,8,18,4
3,333,0.429999,8,18,4
3,333,0.431999,8,17,3
3,333,0.433999,8,18,4
3,333,0.435999,8,17,3
3,333,0.437999,8,17,3
3,333,0.439999,8,17,3
3,333,0.441999,8,17,3
3,333,0.443999,8,17,3
3,333,0.445999,8,17,3
3,333,0.447999,9,20,4
3,333,0.449999,9,20,4
3,333,0.451999,9,20,4
3,333,0.453999,9,20,4
3,333,0.455999,9,20,4
3,333,0.457999,9,20,4
3,333,0.459999,9,20,4
3,333,0.461999,9,20,4
3,333,0.463999,9,20,4
3,333,0.465999,9,20,4
3,333,0.467999,9,21,4
3,333,0.469999,8,18,4
3,333,0.471999,8,18,4
3,333,0.473999,8,18,4
3,333,0.475999,8,18,4
3,333,0.477999,7,16,4
3,333,0.479999,7,16,4
3,333,0.481999,7,16,4
3,333,0.483999,7,16,4
3,333,0.485999,7,16,4
3,333,0.487999,7,16,4
3,333,0.489999,7,15,3
3,333,0.491999,7,16,4
3,333,0.493999,7,15,3
3,333,0.495999,7,16,4
3,333,0.497999,7,16,4
3,333,0.499999,7,16,4
3,333,0.501999,7,16,4
3,333,0.503999,7,16,4
3,333,0.505999,7,16,4
3,333,0.507999,7,16,4
3,333,0.509999,7,16,4
3,333,0.511999,7,16,4
3,333,0.513999,7,16,4
3,333,0.515999,7,16,4
3,333,0.517999,7,16,4
3,333,0.519999,7,16,4
3,333,0.521999,7,16,4
3,333,0.523999,7,16,4
3,333,0.525999,7,16,4
3,333,0.527999,7,16,4
3,333,0.529999,7,16,4
3,333,0.531999,7,15,3
3,333,0.533999,7,15,3
3,333,0.535999,7,15,3
3,333,0.537999,7,16,4
3,333,0.539999,7,16,4
3,333,0.541999,7,16,4
3,333,0.543999,7,16,4
3,333,0.545999,7,16,4
3,333,0.547999,7,16,4
3,333,0.549999,7,16,4
3,333,0.551999,7,17,5
3,333,0.553999,7,17,5
3,333,0.555999,7,16,4
3,333,0.557999,7,16,4
3,333,0.559999,7,17,5
3,333,0.561999,7,16,4
3,333,0.563999,7,17,5
3,333,0.565999,7,16,4
3,333,0.567999,7,16,4
3,333,0.569999,7,16,4
3,333,0.571999,7,17,5
3,333,0.573999,7,17,5
3,333,0.575999,7,17,5
3,333,0.577999,8,18,4
3,333,0.579999,8,19,5
3,333,0.581999,8,18,4
3,333,0.583999,7,16,4
3,333,0.585999,7,17,5
3,333,0.587999,7,17,5
3,333,0.589999,7,17,4
3,333,0.591999,7,18,5
3,333,0.593999,7,17,4
3,333,0.595999,7,18,5
3,333,0.597999,7,18,5
3,333,0.599999,7,18,5
3,333,0.601999,7,18,5
3,333,0.603999,7,18,5
3,333,0.605999,7,18,5
3,333,0.607999,7,18,5
3,333,0.609999,7,18,5
3,333,0.611999,7,18,5
3,333,0.613999,7,18,5
3,333,0.615999,7,18,5
3,333,0.617999,7,18,5
3,333,0.619999,7,18,5
3,333,0.621999,7,18,5
3,333,0.623999,7,18,5
3,333,0.625999,7,18,5
3,333,0.627999,7,18,5
3,333,0.629999,7,18,5
3,333,0.631999,7,18,5
3,333,0.633999,7,18,5
3,333,0.635999,7,17,4
3,333,0.637999,7,18,5
3,333,0.639999,7,18,5
3,333,0.641999,7,18,5
3,333,0.643999,7,18,5
3,333,0.645999,7,18,5
3,333,0.647999,7,18,5
3,333,0.649999,7,18,5
3,333,0.651999,7,18,5
3,333,0.653999,7,18,5
3,333,0.655999,7,18,5
3,333,0.657999,7,18,5
3,333,0.659999,7,18,5
3,333,0.661999,7,18,5
3,333,0.663999,7,18,5
3,333,0.665999,7,18,5
3,333,0.667999,7,18,5
3,333,0.669999,7,18,5
3,333,0.671999,7,18,5
3,333,0.673999,7,18,5
3,333,0.675999,7,18,5
3,333,0.677999,7,18,5
3,333,0.679999,7,18,5
3,333,0.681999,7,18,5
3,333,0.683999,7,18,5
3,333,0.685999,7,18,5
3,333,0.687999,7,18,5
3,333,0.689999,7,18,5
3,333,0.691999,7,18,5
3,333,0.693999,7,18,5
3,333,0.695999,7,18,5
3,333,0.697999,7,18,5
3,333,0.699999,7,18,5
3,333,0.701999,7,18,5
3,333,0.703999,7,18,5
3,333,0.705999,7,18,5
3,333,0.707999,7,18,5
3,333,0.709999,7,18,5
3,333,0.711999,7,18,5
3,333,0.713999,7,18,5
3,333,0.715999,7,18,5
3,333,0.717999,7,18,5
3,333,0.719999,7,18,5
3,333,0.721999,7,18,5
3,333,0.723999,7,18,5
3,333,0.725999,7,18,5
3,333,0.727999,7,18,5
3,333,0.729999,7,18,5
3,333,0.731999,7,18,5
3,333,0.733999,7,18,5
3,333,0.735999,7,18,5
3,333,0.737999,7,18,5
3,333,0.739999,7,18,5
3,333,0.741999,7,18,5
3,333,0.743999,7,18,5
3,333,0.745999,7,18,5
3,333,0.747999,7,18,5
3,333,0.749999,7,18,5
3,333,0.751999,7,18,5
3,333,0.753999,7,18,5
3,333,0.755999,7,18,5
3,333,0.757999,7,18,5
3,333,0.759999,7,18,5
3,333,0.761999,7,18,5
3,333,0.763999,7,18,5
3,333,0.765999,7,18,5
3,333,0.767999,7,18,5
3,333,0.769999,7,18,5
3,333,0.771999,7,18,5
3,333,0.773999,7,18,5
3,333,0.775999,7,18,5
3,333,0.777999,7,18,5
3,333,0.779999,7,18,5
3,333,0.781999,7,18,5
3,333,0.783999,7,18,5
3,333,0.785999,7,18,5
3,333,0.787999,7,18,5
3,333,0.789999,7,18,5
3,333,0.791999,7,18,5
3,333,0.793999,7,18,5
3,333,0.795999,7,18,5
3,333,0.797999,7,18,5
3,333,0.799999,7,18,5
3,333,0.801999,7,18,5
3,333,0.803999,7,18,5
3,333,0.805999,7,18,5
3,333,0.807999,7,18,5
3,333,0.809999,7,18,5
3,333,0.811999,7,18,5
3,333,0.813999,7,18,5
3,333,0.815999,7,18,5
3,333,0.817999,7,18,5
3,333,0.819999,7,18,5
3,333,0.821999,7,18,5
3,333,0.823999,7,18,5
3,333,0.825999,7,18,5
3,333,0.827999,7,18,5
3,333,0.829999,7,18,5
3,333,0.831999,7,18,5
3,333,0.833999,7,18,5
3,333,0.835999,7,18,5
3,333,0.837999,7,18,5
3,333,0.839999,7,18,5
3,333,0.841999,7,18,5
3,333,0.843999,7,18,5
3,333,0.845999,7,18,5
3,333,0.847999,7,18,5
3,333,0.849999,7,18,5
3,333,0.851999,7,18,5
3,333,0.853999,7,18,5
3,333,0.855999,7,18,5
3,333,0.857999,7,18,5
3,333,0.859999,7,18,5
3,333,0.861999,7,18,5
3,333,0.863999,7,18,5
3,333,0.865999,7,18,5
3,333,0.867999,7,19,5
3,333,0.869999,7,19,5
3,333,0.871999,7,19,5
3,333,0.873999,7,19,5
3,333,0.875999,7,19,5
3,333,0.877999,7,19,5
3,333,0.879999,7,19,5
3,333,0.881999,7,19,5
3,333,0.883999,7,18,5
3,333,0.885999,7,18,5
3,333,0.887999,7,19,5
3,333,0.889999,7,19,5
3,333,0.891999,7,19,5
3,333,0.893999,7,19,5
3,333,0.895999,7,19,5
3,333,0.897999,7,19,5
3,333,0.899999,7,19,5
3,333,0.901999,7,19,5
3,333,0.903999,7,19,5
3,333,0.905999,7,18,5
3,333,0.907999,7,18,5
3,333,0.909999,7,18,5
3,333,0.911999,7,18,5
3,333,0.913999,7,18,5
3,333,0.915999,7,18,5
3,333,0.917999,7,18,5
3,333,0.919999,7,18,5
3,333,0.921999,7,18,5
3,333,0.923999,7,18,5
3,333,0.925999,7,18,5
3,333,0.927999,7,18,5
3,333,0.929999,7,18,5
3,333,0.931999,7,18,5
3,333,0.933999,7,18,5
3,333,0.935999,7,18,5
3,333,0.937999,7,18,5
3,333,0.939999,7,19,5
3,333,0.941999,7,18,5
3,333,0.943999,7,18,5
3,333,0.945999,7,18,5
3,333,0.947999,7,19,5
3,333,0.949999,7,19,5
3,333,0.951999,7,19,5
3,333,0.953999,7,19,5
3,333,0.955999,7,19,5
3,333,0.957999,7,19,5
3,333,0.959999,7,19,5
3,333,0.961999,7,19,5
3,333,0.963999,7,19,5
3,333,0.965999,7,19,5
3,333,0.967999,7,19,5
3,333,0.969999,7,19,5
3,333,0.971999,7,19,5
3,333,0.973999,7,19,5
3,333,0.975999,7,19,5
3,333,0.977999,7,19,5
3,333,0.979999,7,19,5
3,333,0.981999,7,19,5
3,333,0.983999,7,19,5
3,333,0.985999,7,19,5
3,333,0.987999,7,19,5
3,333,0.989999,7,18,5
3,333,0.991999,7,19,5
3,333,0.993999,7,19,5
3,333,0.995999,7,19,5
3,333,0.997999,7,19,5
3,333,0.999999,7,19,5
3,112233,0.0,2,4,2
3,112233,0.001999,2,4,2
3,112233,0.003999,2,4,2
3,112233,0.005999,0,0,0
3,112233,0.007999,1,2,2
3,112233,0.009999,1,2,2
3,112233,0.011999,1,2,2
3,112233,0.013999,0,0,0
3,112233,0.015999,0,0,0
3,112233,0.017999,0,0,0
3,112233,0.019999,0,0,0
3,112233,0.021999,1,2,2
3,112233,0.023999,1,2,2
3,112233,0.025999,0,0,0
3,112233,0.027999,0,0,0
3,112233,0.029999,1,2,2
3,112233,0.031999,1,2,2
3,112233,0.033999,0,0,0
3,112233,0.035999,0,0,0
3,112233,0.037999,0,0,0
3,112233,0.039999,1,2,2
3,112233,0.041999,1,2,2
3,112233,0.043999,0,0,0
3,112233,0.045999,0,0,0
3,112233,0.047999,0,0,0
3,112233,0.049999,0,0,0
3,112233,0.051999,0,0,0
3,112233,0.053999,0,0,0
3,112233,0.055999,0,0,0
3,112233,0.057999,0,0,0
3,112233,0.059999,0,0,0
3,112233,0.061999,0,0,0
3,112233,0.063999,0,0,0
3,112233,0.065999,0,0,0
3,112233,0.067999,0,0,0
3,112233,0.069999,0,0,0
3,112233,0.071999,0,0,0
3,112233,0.073999,0,0,0
3,112233,0.075999,0,0,0
3,112233,0.077999,0,0,0
3,112233,0.079999,0,0,0
3,112233,0.081999,0,0,0
3,112233,0.083999,0,0,0
3,112233,0.085999,0,0,0
3,112233,0.087999,0,0,0
3,112233,0.089999,1,2,2
3,112233,0.091999,1,2,2
3,112233,0.093999,1,2,2
3,112233,0.095999,0,0,0
3,112233,0.097999,0,0,0
3,112233,0.099999,0,0,0
3,112233,0.101999,0,0,0
3,112233,0.103999,0,0,0
3,112233,0.105999,0,0,0
3,112233,0.107999,0,0,0
3,112233,0.109999,0,0,0
3,112233,0.111999,0,0,0
3,112233,0.113999,0,0,0
3,112233,0.115999,1,2,2
3,112233,0.117999,1,2,2
3,112233,0.119999,0,0,0
3,112233,0.121999,0,0,0
3,112233,0.123999,0,0,0
3,112233,0.125999,0,0,0
3,112233,0.127999,0,0,0
3,112233,0.129999,0,0,0
3,112233,0.131999,0,0,0
3,112233,0.133999,0,0,0
3,112233,0.135999,1,2,2
3,112233,0.137999,2,4,2
3,112233,0.139999,2,4,2
3,112233,0.141999,2,4,2
3,112233,0.143999,4,8,2
3,112233,0.145999,3,6,2
3,112233,0.147999,3,6,2
3,112233,0.149999,3,7,3
3,112233,0.151999,3,6,2
3,112233,0.153999,3,6,2
3,112233,0.155999,3,6,2
3,112233,0.157999,3,6,2
3,112233,0.159999,2,4,2
3,112233,0.161999,2,4,2
3,112233,0.163999,2,4,2
3,112233,0.165999,2,5,3
3,112233,0.167999,2,4,2
3,112233,0.169999,2,4,2
3,112233,0.171999,2,4,2
3,112233,0.173999,2,4,2
3,112233,0.175999,2,4,2
3,112233,0.177999,3,6,2
3,112233,0.179999,3,6,2
3,112233,0.181999,2,4,2
3,112233,0.183999,2,4,2
3,112233,0.185999,1,2,2
3,112233,0.187999,2,4,2
3,112233,0.189999,2,4,2
3,112233,0.191999,2,4,2
3,112233,0.193999,3,6,2
3,112233,0.195999,2,4,2
3,112233,0.197999,2,4,2
3,112233,0.199999,4,8,2
3,112233,0.201999,4,9,3
3,112233,0.203999,6,13,3
3,112233,0.205999,5,11,3
3,112233,0.207999,6,13,3
3,112233,0.209999,6,13,3
3,112233,0.211999,5,12,3
3,112233,0.213999,6,14,3
3,112233,0.215999,4,13,5
3,112233,0.217999,6,15,5
3,112233,0.219999,7,17,4
3,112233,0.221999,7,17,4
3,112233,0.223999,7,16,3
3,112233,0.225999,6,14,3
3,112233,0.227999,6,14,3
3,112233,0.229999,5,11,3
3,112233,0.231999,6,14,3
3,112233,0.233999,7,16,3
3,112233,0.235999,6,14,3
3,112233,0.237999,5,13,3
3,112233,0.239999,5,14,4
3,112233,0.241999,5,13,3
3,112233,0.243999,4,13,4
3,112233,0.245999,5,15,4
3,112233,0.247999,5,15,4
3,112233,0.249999,5,15,4
3,112233,0.251999,5,12,3
3,112233,0.253999,6,16,4
3,112233,0.255999,6,15,4
3,112233,0.257999,6,15,4
3,112233,0.259999,6,15,4
3,112233,0.261999,5,13,4
3,112233,0.263999,5,13,4
3,112233,0.265999,5,13,4
3,112233,0.267999,4,11,4
3,112233,0.269999,4,10,4
3,112233,0.271999,5,12,4
3,112233,0.273999,5,12,4
3,112233,0.275999,4,10,4
3,112233,0.277999,5,12,4
3,112233,0.279999,6,14,4
3,112233,0.281999,5,15,4
3,112233,0.283999,6,17,4
3,112233,0.285999,6,18,4
3,112233,0.287999,8,20,5
3,112233,0.289999,9,21,4
3,112233,0.291999,7,16,4
3,112233,0.293999,8,20,5
3,112233,0.295999,8,20,5
3,112233,0.297999,8,21,6
3,112233,0.299999,7,17,5
3,112233,0.301999,8,19,5
3,112233,0.303999,7,17,5
3,112233,0.305999,5,13,5
3,112233,0.307999,5,13,5
3,112233,0.309999,5,13,5
3,112233,0.311999,6,15,5
3,112233,0.313999,6,15,5
3,112233,0.315999,7,18,5
3,112233,0.317999,5,14,5
3,112233,0.319999,6,18,5
3,112233,0.321999,6,18,4
3,112233,0.323999,6,17,4
3,112233,0.325999,6,16,4
3,112233,0.327999,7,17,3
3,112233,0.329999,6,15,3
3,112233,0.331999,6,15,3
3,112233,0.333999,6,13,3
3,112233,0.335999,6,13,3
3,112233,0.337999,7,16,3
3,112233,0.339999,7,15,3
3,112233,0.341999,8,17,3
3,112233,0.343999,8,17,3
3,112233,0.345999,10,20,2
3,112233,0.347999,12,25,3
3,112233,0.349999,10,22,3
3,112233,0.351999,11,23,3
3,112233,0.353999,11,24,3
3,112233,0.355999,11,24,3
3,112233,0.357999,11,26,4
3,112233,0.359999,11,26,4
3,112233,0.361999,12,29,4
3,112233,0.363999,11,25,4
3,112233,0.365999,11,23,3
3,112233,0.367999,11,23,3
3,112233,0.369999,9,20,3
3,112233,0.371999,7,15,3
3,112233,0.373999,7,16,3
3,112233,0.375999,8,18,3
3,112233,0.377999,7,16,3
3,112233,0.379999,7,15,3
3,112233,0.381999,6,13,3
3,112233,0.383999,6,14,3
3,112233,0.385999,7,15,3
3,112233,0.387999,8,17,3
3,112233,0.389999,8,18,3
3,112233,0.391999,8,18,3
3,112233,0.393999,8,18,3
3,112233,0.395999,10,21,3
3,112233,0.397999,10,23,3
3,112233,0.399999,9,22,4
3,112233,0.401999,9,21,4
3,112233,0.403999,9,22,4
3,112233,0.405999,9,22,4
3,112233,0.407999,10,24,4
3,112233,0.409999,11,24,3
3,112233,0.411999,10,22,3
3,112233,0.413999,10,23,3
3,112233,0.415999,10,24,3
3,112233,0.417999,10,23,3
3,112233,0.419999,9,20,3
3,112233,0.421999,9,19,3
3,112233,0.423999,9,20,3
3,112233,0.425999,9,21,3
3,112233,0.427999,10,22,3
3,112233,0.429999,11,26,4
3,112233,0.431999,10,23,3
3,112233,0.433999,10,24,4
3,112233,0.435999,10,24,3
3,112233,0.437999,10,25,4
3,112233,0.439999,9,23,4
3,112233,0.441999,9,24,4
3,112233,0.443999,9,25,5
3,112233,0.445999,9,25,5
3,112233,0.447999,9,24,4
3,112233,0.449999,9,25,5
3,112233,0.451999,9,25,5
3,112233,0.453999,9,25,5
3,112233,0.455999,9,25,5
3,112233,0.457999,11,28,5
3,112233,0.459999,10,27,6
3,112233,0.461999,11,27,4
3,112233,0.463999,12,28,3
3,112233,0.465999,12,29,3
3,112233,0.467999,12,29,4
3,112233,0.469999,12,27,3
3,112233,0.471999,12,28,3
3,112233,0.473999,12,27,3
3,112233,0.475999,13,29,3
3,112233,0.477999,11,25,3
3,112233,0.479999,12,27,3
3,112233,0.481999,12,27,3
3,112233,0.483999,10,23,3
3,112233,0.485999,11,25,3
3,112233,0.487999,11,25,3
3,112233,0.489999,11,25,3
3,112233,0.491999,11,25,3
3,112233,0.493999,11,26,3
3,112233,0.495999,12,29,3
3,112233,0.497999,12,29,3
3,112233,0.499999,12,28,3
3,112233,0.501999,11,26,3
3,112233,0.503999,11,27,3
3,112233,0.505999,11,27,3
3,112233,0.507999,11,27,3
3,112233,0.509999,11,26,3
3,112233,0.511999,11,26,3
3,112233,0.513999,11,27,3
3,112233,0.515999,11,27,3
3,112233,0.517999,11,27,3
3,112233,0.519999,11,27,3
3,112233,0.521999,11,27,3
3,112233,0.523999,11,27,3
3,112233,0.525999,11,27,3
3,112233,0.527999,11,26,3
3,112233,0.529999,11,25,3
3,112233,0.531999,12,28,3
3,112233,0.533999,12,28,3
3,112233,0.535999,12,28,3
3,112233,0.537999,12,28,3
3,112233,0.539999,12,30,3
3,112233,0.541999,11,27,3
3,112233,0.543999,12,29,3
3,112233,0.545999,11,29,5
3,112233,0.547999,11,29,5
3,112233,0.549999,11,30,6
3,112233,0.551999,11,29,5
3,112233,0.553999,11,29,5
3,112233,0.555999,11,29,5
3,112233,0.557999,11,29,5
3,112233,0.559999,11,29,5
3,112233,0.561999,11,29,5
3,112233,0.563999,11,28,5
3,112233,0.565999,11,28,5
3,112233,0.567999,11,27,5
3,112233,0.569999,11,27,5
3,112233,0.571999,11,27,5
3,112233,0.573999,11,27,5
3,112233,0.575999,11,27,5
3,112233,0.577999,11,28,5
3,112233,0.579999,11,28,5
3,112233,0.581999,11,29,6
3,112233,0.583999,11,28,5
3,112233,0.585999,11,28,5
3,112233,0.587999,11,29,6
3,112233,0.589999,11,29,6
3,112233,0.591999,11,28,5
3,112233,0.593999,10,27,6
3,112233,0.595999,10,27,6
3,112233,0.597999,10,26,5
3,112233,0.599999,10,27,6
3,112233,0.601999,10,27,6
3,112233,0.603999,10,27,6
3,112233,0.605999,10,26,5
3,112233,0.607999,11,26,3
3,112233,0.609999,11,26,3
3,112233,0.611999,12,28,3
3,112233,0.613999,11,27,3
3,112233,0.615999,12,29,3
3,112233,0.617999,12,28,3
3,112233,0.619999,12,28,3
3,112233,0.621999,12,28,3
3,112233,0.623999,12,29,3
3,112233,0.625999,12,28,3
3,112233,0.627999,12,28,3
3,112233,0.629999,11,28,5
3,112233,0.631999,11,28,5
3,112233,0.633999,11,28,5
3,112233,0.635999,10,26,5
3,112233,0.637999,10,26,5
3,112233,0.639999,10,26,5
3,112233,0.641999,10,26,5
3,112233,0.643999,10,26,5
3,112233,0.645999,10,26,5
3,112233,0.647999,10,26,5
3,112233,0.649999,10,25,5
3,112233,0.651999,11,27,5
3,112233,0.653999,11,27,5
3,112233,0.655999,11,27,5
3,112233,0.657999,10,25,5
3,112233,0.659999,10,25,5
3,112233,0.661999,10,24,4
3,112233,0.663999,9,22,4
3,112233,0.665999,11,27,4
3,112233,0.667999,10,25,4
3,112233,0.669999,10,25,4
3,112233,0.671999,10,25,4
3,112233,0.673999,10,25,4
3,112233,0.675999,10,25,4
3,112233,0.677999,10,25,4
3,112233,0.679999,10,25,4
3,112233,0.681999,10,25,4
3,112233,0.683999,10,25,4
3,112233,0.685999,10,25,4
3,112233,0.687999,10,25,4
3,112233,0.689999,10,25,4
3,112233,0.691999,10,25,4
3,112233,0.693999,10,25,4
3,112233,0.695999,10,25,4
3,112233,0.697999,11,25,3
3,112233,0.699999,11,24,3
3,112233,0.701999,11,25,3
3,112233,0.703999,11,25,3
3,112233,0.705999,11,24,3
3,112233,0.707999,11,25,3
3,112233,0.709999,11,25,3
3,112233,0.711999,11,25,3
3,112233,0.713999,11,25,3
3,112233,0.715999,11,25,3
3,112233,0.717999,11,25,3
3,112233,0.719999,11,25,3
3,112233,0.721999,11,25,3
3,112233,0.723999,11,25,3
3,112233,0.725999,11,25,3
3,112233,0.727999,11,25,3
3,112233,0.729999,11,25,3
3,112233,0.731999,11,25,3
3,112233,0.733999,11,25,3
3,112233,0.735999,11,25,3
3,112233,0.737999,11,25,3
3,112233,0.739999,11,25,3
3,112233,0.741999,11,25,3
3,112233,0.743999,11,25,3
3,112233,0.745999,11,25,3
3,112233,0.747999,11,25,3
3,112233,0.749999,11,25,3
3,112233,0.751999,11,25,3
3,112233,0.753999,11,25,3
3,112233,0.755999,11,25,3
3,112233,0.757999,11,25,3
3,112233,0.759999,11,25,3
3,112233,0.761999,11,25,3
3,112233,0.763999,11,25,3
3,112233,0.765999,11,24,3
3,112233,0.767999,11,24,3
3,112233,0.769999,11,24,3
3,112233,0.771999,11,24,3
3,112233,0.773999,11,24,3
3,112233,0.775999,11,24,3
3,112233,0.777999,11,24,3
3,112233,0.779999,11,24,3
3,112233,0.781999,11,24,3
3,112233,0.783999,11,24,3
3,112233,0.785999,11,24,3
3,112233,0.787999,11,24,3
3,112233,0.789999,11,24,3
3,112233,0.791999,11,24,3
3,112233,0.793999,11,24,3
3,112233,0.795999,11,24,3
3,112233,0.797999,11,24,3
3,112233,0.799999,11,24,3
3,112233,0.801999,11,24,3
3,112233,0.803999,11,24,3
3,112233,0.805999,11,24,3
3,112233,0.807999,11,24,3
3,112233,0.809999,11,24,3
3,112233,0.811999,11,24,3
3,112233,0.813999,11,24,3
3,112233,0.815999,11,24,3
3,112233,0.817999,11,24,3
3,112233,0.819999,11,24,3
3,112233,0.821999,11,24,3
3,112233,0.823999,11,24,3
3,112233,0.825999,11,24,3
3,112233,0.827999,11,24,3
3,112233,0.829999,11,24,3
3,112233,0.831999,11,24,3
3,112233,0.833999,11,24,3
3,112233,0.835999,11,24,3
3,112233,0.837999,11,24,3
3,112233,0.839999,11,24,3
3,112233,0.841999,11,24,3
3,112233,0.843999,11,24,3
3,112233,0.845999,11,24,3
3,112233,0.847999,11,24,3
3,112233,0.849999,11,24,3
3,112233,0.851999,11,24,3
3,112233,0.853999,11,24,3
3,112233,0.855999,11,24,3
3,112233,0.857999,11,24,3
3,112233,0.859999,11,24,3
3,112233,0.861999,11,24,3
3,112233,0.863999,11,24,3
3,112233,0.865999,11,24,3
3,112233,0.867999,11,24,3
3,112233,0.869999,11,24,3
3,112233,0.871999,11,24,3
3,112233,0.873999,11,24,3
3,112233,0.875999,11,24,3
3,112233,0.877999,11,24,3
3,112233,0.879999,11,24,3
3,112233,0.881999,11,24,3
3,112233,0.883999,11,24,3
3,112233,0.885999,11,24,3
3,112233,0.887999,11,24,3
3,112233,0.889999,11,24,3
3,112233,0.891999,11,24,3
3,112233,0.893999,11,24,3
3,112233,0.895999,11,24,3
3,112233,0.897999,11,24,3
3,112233,0.899999,11,24,3
3,112233,0.901999,11,24,3
3,112233,0.903999,11,24,3
3,112233,0.905999,11,24,3
3,112233,0.907999,11,24,3
3,112233,0.909999,11,24,3
3,112233,0.911999,11,24,3
3,112233,0.913999,11,24,3
3,112233,0.915999,11,24,3
3,112233,0.917999,11,24,3
3,112233,0.919999,11,24,3
3,112233,0.921999,11,24,3
3,112233,0.923999,11,24,3
3,112233,0.925999,11,24,3
3,112233,0.927999,11,24,3
3,112233,0.929999,11,24,3
3,112233,0.931999,11,24,3
3,112233,0.933999,10,22,3
3,112233,0.935999,10,22,3
3,112233,0.937999,10,22,3
3,112233,0.939999,10,22,3
3,112233,0.941999,10,22,3
3,112233,0.943999,10,22,3
3,112233,0.945999,10,22,3
3,112233,0.947999,10,22,3
3,112233,0.949999,10,22,3
3,112233,0.951999,10,22,3
3,112233,0.953999,10,22,3
3,112233,0.955999,10,22,3
3,112233,0.957999,10,22,3
3,112233,0.959999,10,22,3
3,112233,0.961999,10,22,3
3,112233,0.963999,10,22,3
3,112233,0.965999,10,22,3
3,112233,0.967999,10,22,3
3,112233,0.969999,10,22,3
3,112233,0.971999,10,22,3
3,112233,0.973999,10,22,3
3,112233,0.975999,10,22,3
3,112233,0.977999,10,22,3
3,112233,0.979999,10,22,3
3,112233,0.981999,10,22,3
3,112233,0.983999,10,22,3
3,112233,0.985999,10,22,3
3,112233,0.987999,10,22,3
3,112233,0.989999,10,22,3
3,112233,0.991999,10,22,3
3,112233,0.993999,10,22,3
3,112233,0.995999,10,22,3
3,112233,0.997999,10,22,3
3,112233,0.999999,10,22,3
3,1337212,0.0,2,4,2
3,1337212,0.001999,1,2,2
3,1337212,0.003999,1,2,2
3,1337212,0.005999,0,0,0
3,1337212,0.007999,1,2,2
3,1337212,0.009999,0,0,0
3,1337212,0.011999,0,0,0
3,1337212,0.013999,0,0,0
3,1337212,0.015999,0,0,0
3,1337212,0.017999,0,0,0
3,1337212,0.019999,0,0,0
3,1337212,0.021999,0,0,0
3,1337212,0.023999,0,0,0
3,1337212,0.025999,0,0,0
3,1337212,0.027999,0,0,0
3,1337212,0.029999,1,2,2
3,1337212,0.031999,0,0,0
3,1337212,0.033999,0,0,0
3,1337212,0.035999,0,0,0
3,1337212,0.037999,0,0,0
3,1337212,0.039999,0,0,0
3,1337212,0.041999,1,2,2
3,1337212,0.043999,1,2,2
3,1337212,0.045999,0,0,0
3,1337212,0.047999,0,0,0
3,1337212,0.049999,0,0,0
3,1337212,0.051999,0,0,0
3,1337212,0.053999,0,0,0
3,1337212,0.055999,0,0,0
3,1337212,0.057999,0,0,0
3,1337212,0.059999,0,0,0
3,1337212,0.061999,0,0,0
3,1337212,0.063999,0,0,0
3,1337212,0.065999,0,0,0
3,1337212,0.067999,0,0,0
3,1337212,0.069999,0,0,0
3,1337212,0.071999,0,0,0
3,1337212,0.073999,1,2,2
3,1337212,0.075999,2,4,2
3,1337212,0.077999,2,4,2
3,1337212,0.079999,1,2,2
3,1337212,0.081999,0,0,0
3,1337212,0.083999,0,0,0
3,1337212,0.085999,0,0,0
3,1337212,0.087999,0,0,0
3,1337212,0.089999,0,0,0
3,1337212,0.091999,0,0,0
3,1337212,0.093999,0,0,0
3,1337212,0.095999,0,0,0
3,1337212,0.097999,1,2,2
3,1337212,0.099999,2,4,2
3,1337212,0.101999,1,2,2
3,1337212,0.103999,2,4,2
3,1337212,0.105999,3,6,2
3,1337212,0.107999,2,4,2
3,1337212,0.109999,3,6,2
3,1337212,0.111999,3,6,2
3,1337212,0.113999,3,6,2
3,1337212,0.115999,2,4,2
3,1337212,0.117999,2,4,2
3,1337212,0.119999,2,5,3
3,1337212,0.121999,2,5,3
3,1337212,0.123999,2,5,3
3,1337212,0.125999,2,5,3
3,1337212,0.127999,2,4,2
3,1337212,0.129999,2,4,2
3,1337212,0.131999,2,4,2
3,1337212,0.133999,3,6,2
3,1337212,0.135999,2,4,2
3,1337212,0.137999,3,6,2
3,1337212,0.139999,2,4,2
3,1337212,0.141999,1,2,2
3,1337212,0.143999,1,2,2
3,1337212,0.145999,2,4,2
3,1337212,0.147999,2,4,2
3,1337212,0.149999,2,4,2
3,1337212,0.151999,1,2,2
3,1337212,0.153999,1,2,2
3,1337212,0.155999,2,4,2
3,1337212,0.157999,4,8,2
3,1337212,0.159999,4,8,2
3,1337212,0.161999,4,8,2
3,1337212,0.163999,4,10,4
3,1337212,0.165999,4,11,4
3,1337212,0.167999,3,10,5
3,1337212,0.169999,2,6,4
3,1337212,0.171999,3,8,4
3,1337212,0.173999,3,7,3
3,1337212,0.175999,3,6,2
3,1337212,0.177999,3,6,2
3,1337212,0.179999,3,6,2
3,1337212,0.181999,2,4,2
3,1337212,0.183999,4,8,2
3,1337212,0.185999,4,9,3
3,1337212,0.187999,6,12,2
3,1337212,0.189999,6,12,2
3,1337212,0.191999,6,12,2
3,1337212,0.193999,6,12,2
3,1337212,0.195999,7,14,2
3,1337212,0.197999,6,15,4
3,1337212,0.199999,6,15,4
3,1337212,0.201999,6,14,4
3,1337212,0.203999,6,15,5
3,1337212,0.205999,5,13,5
3,1337212,0.207999,5,14,6
3,1337212,0.209999,6,14,4
3,1337212,0.211999,6,14,4
3,1337212,0.213999,5,14,4
3,1337212,0.215999,5,14,4
3,1337212,0.217999,5,14,4
3,1337212,0.219999,6,16,4
3,1337212,0.221999,5,13,4
3,1337212,0.223999,4,9,3
3,1337212,0.225999,4,9,3
3,1337212,0.227999,5,11,3
3,1337212,0.229999,7,15,3
3,1337212,0.231999,8,17,3
3,1337212,0.233999,9,18,2
3,1337212,0.235999,9,19,3
3,1337212,0.237999,8,19,4
3,1337212,0.239999,8,18,4
3,1337212,0.241999,7,18,6
3,1337212,0.243999,7,16,3
3,1337212,0.245999,7,19,7
3,1337212,0.247999,6,16,6
3,1337212,0.249999,6,15,4
3,1337212,0.251999,7,16,3
3,1337212,0.253999,6,15,4
3,1337212,0.255999,7,17,4
3,1337212,0.257999,6,15,4
3,1337212,0.259999,5,13,4
3,1337212,0.261999,5,13,4
3,1337212,0.263999,4,12,4
3,1337212,0.265999,4,12,4
3,1337212,0.267999,5,13,4
3,1337212,0.269999,4,12,4
3,1337212,0.271999,3,10,4
3,1337212,0.273999,3,10,4
3,1337212,0.275999,5,14,5
3,1337212,0.277999,4,12,5
3,1337212,0.279999,4,13,5
3,1337212,0.281999,4,12,4
3,1337212,0.283999,5,14,4
3,1337212,0.285999,4,12,4
3,1337212,0.287999,4,13,4
3,1337212,0.289999,5,15,4
3,1337212,0.291999,5,15,5
3,1337212,0.293999,6,15,3
3,1337212,0.295999,6,14,3
3,1337212,0.297999,6,13,3
3,1337212,0.299999,7,16,3
3,1337212,0.301999,6,14,3
3,1337212,0.303999,7,16,3
3,1337212,0.305999,7,16,3
3,1337212,0.307999,7,17,3
3,1337212,0.309999,7,16,3
3,1337212,0.311999,7,15,3
3,1337212,0.313999,7,15,3
3,1337212,0.315999,8,18,3
3,1337212,0.317999,7,19,4
3,1337212,0.319999,6,18,4
3,1337212,0.321999,7,18,3
3,1337212,0.323999,7,17,3
3,1337212,0.325999,6,14,3
3,1337212,0.327999,6,14,3
3,1337212,0.329999,6,15,4
3,1337212,0.331999,7,16,3
3,1337212,0.333999,7,16,3
3,1337212,0.335999,7,18,4
3,1337212,0.337999,7,18,4
3,1337212,0.339999,6,20,5
3,1337212,0.341999,5,18,5
3,1337212,0.343999,5,18,5
3,1337212,0.345999,4,18,7
3,1337212,0.347999,5,19,6
3,1337212,0.349999,5,18,5
3,1337212,0.351999,5,20,6
3,1337212,0.353999,5,19,5
3,1337212,0.355999,5,19,5
3,1337212,0.357999,5,18,5
3,1337212,0.359999,6,20,5
3,1337212,0.361999,6,20,5
3,1337212,0.363999,6,20,5
3,1337212,0.365999,5,17,5
3,1337212,0.367999,6,19,5
3,1337212,0.369999,6,19,5
3,1337212,0.371999,5,16,5
3,1337212,0.373999,5,16,5
3,1337212,0.375999,5,16,5
3,1337212,0.377999,5,16,5
3,1337212,0.379999,5,16,5
3,1337212,0.381999,5,16,5
3,1337212,0.383999,5,16,5
3,1337212,0.385999,5,16,5
3,1337212,0.387999,5,16,5
3,1337212,0.389999,4,14,5
3,1337212,0.391999,5,16,5
3,1337212,0.393999,5,16,5
3,1337212,0.395999,6,18,5
3,1337212,0.397999,5,16,5
3,1337212,0.399999,5,17,5
3,1337212,0.401999,5,18,5
3,1337212,0.403999,5,18,5
3,1337212,0.405999,6,21,6
3,1337212,0.407999,6,21,6
3,1337212,0.409999,6,20,6
3,1337212,0.411999,6,19,5
3,1337212,0.413999,6,19,5
3,1337212,0.415999,6,20,6
3,1337212,0.417999,6,21,6
3,1337212,0.419999,6,22,6
3,1337212,0.421999,6,20,5
3,1337212,0.423999,6,20,5
3,1337212,0.425999,6,20,5
3,1337212,0.427999,7,23,5
3,1337212,0.429999,7,22,5
3,1337212,0.431999,7,21,5
3,1337212,0.433999,7,23,5
3,1337212,0.435999,7,23,5
3,1337212,0.437999,7,24,5
3,1337212,0.439999,7,24,5
3,1337212,0.441999,8,24,5
3,1337212,0.443999,7,21,5
3,1337212,0.445999,7,21,5
3,1337212,0.447999,7,21,5
3,1337212,0.449999,7,22,5
3,1337212,0.451999,8,25,5
3,1337212,0.453999,8,24,4
3,1337212,0.455999,8,24,4
3,1337212,0.457999,9,26,4
3,1337212,0.459999,9,26,4
3,1337212,0.461999,9,26,4
3,1337212,0.463999,9,23,4
3,1337212,0.465999,9,23,4
3,1337212,0.467999,9,24,4
3,1337212,0.469999,9,24,4
3,1337212,0.471999,9,24,4
3,1337212,0.473999,9,25,4
3,1337212,0.475999,9,25,4
3,1337212,0.477999,9,25,4
3,1337212,0.479999,9,26,4
3,1337212,0.481999,9,26,4
3,1337212,0.483999,9,26,4
3,1337212,0.485999,9,26,4
3,1337212,0.487999,9,26,4
3,1337212,0.489999,9,26,4
3,1337212,0.491999,9,26,4
3,1337212,0.493999,9,26,4
3,1337212,0.495999,9,26,4
3,1337212,0.497999,9,26,4
3,1337212,0.499999,8,23,4
3,1337212,0.501999,7,21,4
3,1337212,0.503999,7,22,5
3,1337212,0.505999,8,24,5
3,1337212,0.507999,8,24,5
3,1337212,0.509999,8,23,5
3,1337212,0.511999,8,22,4
3,1337212,0.513999,8,22,4
3,1337212,0.515999,8,23,4
3,1337212,0.517999,8,22,4
3,1337212,0.519999,7,19,4
3,1337212,0.521999,7,20,4
3,1337212,0.523999,7,20,4
3,1337212,0.525999,7,20,4
3,1337212,0.527999,8,19,4
3,1337212,0.529999,8,19,4
3,1337212,0.531999,8,19,4
3,1337212,0.533999,8,19,4
3,1337212,0.535999,8,19,4
3,1337212,0.537999,8,19,4
3,1337212,0.539999,8,19,4
3,1337212,0.541999,8,19,4
3,1337212,0.543999,8,19,4
3,1337212,0.545999,8,19,4
3,1337212,0.547999,8,19,4
3,1337212,0.549999,8,19,4
3,1337212,0.551999,8,20,4
3,1337212,0.553999,8,21,4
3,1337212,0.555999,8,20,4
3,1337212,0.557999,8,20,4
3,1337212,0.559999,8,20,4
3,1337212,0.561999,8,20,4
3,1337212,0.563999,8,20,4
3,1337212,0.565999,8,20,4
3,1337212,0.567999,8,20,4
3,1337212,0.569999,8,20,4
3,1337212,0.571999,8,20,4
3,1337212,0.573999,8,20,4
3,1337212,0.575999,8,20,4
3,1337212,0.577999,8,20,4
3,1337212,0.579999,8,20,4
3,1337212,0.581999,8,20,4
3,1337212,0.583999,8,20,4
3,1337212,0.585999,9,22,4
3,1337212,0.587999,9,22,4
3,1337212,0.589999,9,22,4
3,1337212,0.591999,9,22,4
3,1337212,0.593999,9,22,4
3,1337212,0.595999,9,22,4
3,1337212,0.597999,9,22,4
3,1337212,0.599999,9,23,4
3,1337212,0.601999,9,23,4
3,1337212,0.603999,9,23,4
3,1337212,0.605999,10,24,4
3,1337212,0.607999,10,24,4
3,1337212,0.609999,10,24,4
3,1337212,0.611999,10,24,4
3,1337212,0.613999,10,24,4
3,1337212,0.615999,10,24,4
3,1337212,0.617999,10,24,4
3,1337212,0.619999,10,24,4
3,1337212,0.621999,11,26,4
3,1337212,0.623999,11,26,4
3,1337212,0.625999,11,26,4
3,1337212,0.627999,11,26,4
3,1337212,0.629999,11,26,4
3,1337212,0.631999,11,25,4
3,1337212,0.633999,11,25,4
3,1337212,0.635999,10,24,4
3,1337212,0.637999,10,23,4
3,1337212,0.639999,10,23,4
3,1337212,0.641999,10,23,4
3,1337212,0.643999,9,23,5
3,1337212,0.645999,9,23,5
3,1337212,0.647999,9,24,5
3,1337212,0.649999,9,23,5
3,1337212,0.651999,9,24,6
3,1337212,0.653999,9,24,6
3,1337212,0.655999,9,25,6
3,1337212,0.657999,9,25,6
3,1337212,0.659999,9,24,6
3,1337212,0.661999,9,24,6
3,1337212,0.663999,9,25,6
3,1337212,0.665999,9,24,6
3,1337212,0.667999,9,24,6
3,1337212,0.669999,9,24,6
3,1337212,0.671999,9,24,6
3,1337212,0.673999,10,26,6
3,1337212,0.675999,10,26,6
3,1337212,0.677999,10,27,6
3,1337212,0.679999,10,26,6
3,1337212,0.681999,10,26,6
3,1337212,0.683999,10,26,6
3,1337212,0.685999,10,27,6
3,1337212,0.687999,10,26,6
3,1337212,0.689999,10,26,6
3,1337212,0.691999,11,26,4
3,1337212,0.693999,11,26,4
3,1337212,0.695999,11,26,4
3,1337212,0.697999,11,26,4
3,1337212,0.699999,11,26,4
3,1337212,0.701999,11,26,4
3,1337212,0.703999,11,26,4
3,1337212,0.705999,11,26,4
3,1337212,0.707999,11,26,4
3,1337212,0.709999,11,26,4
3,1337212,0.711999,11,27,4
3,1337212,0.713999,11,27,4
3,1337212,0.715999,11,27,4
3,1337212,0.717999,11,27,4
3,1337212,0.719999,11,27,4
3,1337212,0.721999,11,27,4
3,1337212,0.723999,11,27,4
3,1337212,0.725999,11,27,4
3,1337212,0.727999,11,27,4
3,1337212,0.729999,11,27,4
3,1337212,0.731999,11,27,4
3,1337212,0.733999,11,27,4
3,1337212,0.735999,11,27,4
3,1337212,0.737999,11,27,4
3,1337212,0.739999,11,27,4
3,1337212,0.741999,11,27,4
3,1337212,0.743999,11,27,4
3,1337212,0.745999,11,27,4
3,1337212,0.747999,11,27,4
3,1337212,0.749999,11,27,4
3,1337212,0.751999,11,27,4
3,1337212,0.753999,11,27,4
3,1337212,0.755999,11,27,4
3,1337212,0.757999,11,27,4
3,1337212,0.759999,11,27,4
3,1337212,0.761999,11,27,4
3,1337212,0.763999,11,27,4
3,1337212,0.765999,10,25,4
3,1337212,0.767999,10,25,4
3,1337212,0.769999,10,25,4
3,1337212,0.771999,10,25,4
3,1337212,0.773999,10,25,4
3,1337212,0.775999,10,25,4
3,1337212,0.777999,10,25,4
3,1337212,0.779999,10,25,4
3,1337212,0.781999,10,25,4
3,1337212,0.783999,10,25,4
3,1337212,0.785999,10,25,4
3,1337212,0.787999,10,25,4
3,1337212,0.789999,10,25,4
3,1337212,0.791999,10,25,4
3,1337212,0.793999,10,25,4
3,1337212,0.795999,10,25,4
3,1337212,0.797999,10,25,4
3,1337212,0.799999,10,25,4
3,1337212,0.801999,11,27,4
3,1337212,0.803999,11,27,4
3,1337212,0.805999,11,27,4
3,1337212,0.807999,11,27,4
3,1337212,0.809999,11,27,4
3,1337212,0.811999,11,26,4
3,1337212,0.813999,11,27,4
3,1337212,0.815999,11,27,4
3,1337212,0.817999,11,27,4
3,1337212,0.819999,11,27,4
3,1337212,0.821999,11,27,4
3,1337212,0.823999,11,27,4
3,1337212,0.825999,11,27,4
3,1337212,0.827999,11,26,4
3,1337212,0.829999,11,26,4
3,1337212,0.831999,11,26,4
3,1337212,0.833999,11,26,4
3,1337212,0.835999,11,26,4
3,1337212,0.837999,11,26,4
3,1337212,0.839999,11,27,4
3,1337212,0.841999,11,26,4
3,1337212,0.843999,10,24,4
3,1337212,0.845999,10,24,4
3,1337212,0.847999,10,25,4
3,1337212,0.849999,11,26,4
3,1337212,0.851999,11,26,4
3,1337212,0.853999,11,26,4
3,1337212,0.855999,11,27,4
3,1337212,0.857999,11,27,4
3,1337212,0.859999,11,27,4
3,1337212,0.861999,11,27,4
3,1337212,0.863999,11,27,4
3,1337212,0.865999,11,26,4
3,1337212,0.867999,11,26,4
3,1337212,0.869999,11,27,4
3,1337212,0.871999,11,26,4
3,1337212,0.873999,11,26,4
3,1337212,0.875999,11,26,4
3,1337212,0.877999,11,26,4
3,1337212,0.879999,11,26,4
3,1337212,0.881999,11,26,4
3,1337212,0.883999,11,26,4
3,1337212,0.885999,11,26,4
3,1337212,0.887999,11,26,4
3,1337212,0.889999,11,26,4
3,1337212,0.891999,11,26,4
3,1337212,0.893999,11,26,4
3,1337212,0.895999,11,26,4
3,1337212,0.897999,11,26,4
3,1337212,0.899999,11,26,4
3,1337212,0.901999,11,26,4
3,1337212,0.903999,11,26,4
3,1337212,0.905999,11,26,4
3,1337212,0.907999,11,27,4
3,1337212,0.909999,11,26,4
3,1337212,0.911999,11,27,4
3,1337212,0.913999,11,27,4
3,1337212,0.915999,11,27,4
3,1337212,0.917999,11,27,4
3,1337212,0.919999,11,27,4
3,1337212,0.921999,11,27,4
3,1337212,0.923999,11,27,4
3,1337212,0.925999,11,27,4
3,1337212,0.927999,11,27,4
3,1337212,0.929999,11,27,4
3,1337212,0.931999,11,27,4
3,1337212,0.933999,11,27,4
3,1337212,0.935999,11,27,4
3,1337212,0.937999,11,27,4
3,1337212,0.939999,11,27,4
3,1337212,0.941999,11,27,4
3,1337212,0.943999,11,27,4
3,1337212,0.945999,11,27,4
3,1337212,0.947999,11,27,4
3,1337212,0.949999,11,27,4
3,1337212,0.951999,11,27,4
3,1337212,0.953999,11,27,4
3,1337212,0.955999,11,27,4
3,1337212,0.957999,11,27,4
3,1337212,0.959999,11,27,4
3,1337212,0.961999,11,27,4
3,1337212,0.963999,11,27,4
3,1337212,0.965999,11,27,4
3,1337212,0.967999,11,27,4
3,1337212,0.969999,11,27,4
3,1337212,0.971999,11,27,4
3,1337212,0.973999,11,27,4
3,1337212,0.975999,11,27,4
3,1337212,0.977999,11,27,4
3,1337212,0.979999,11,27,4
3,1337212,0.981999,11,27,4
3,1337212,0.983999,11,27,4
3,1337212,0.985999,11,27,4
3,1337212,0.987999,11,27,4
3,1337212,0.989999,11,27,4
3,1337212,0.991999,11,27,4
3,1337212,0.993999,11,27,4
3,1337212,0.995999,11,27,4
3,1337212,0.997999,11,26,4
3,1337212,0.999999,11,26,4
10,73019,0.0,2,4,2
10,73019,0.001999,0,0,0
10,73019,0.003999,0,0,0
10,73019,0.005999,0,0,0
10,73019,0.007999,0,0,0
10,73019,0.009999,0,0,0
10,73019,0.011999,0,0,0
10,73019,0.013999,0,0,0
10,73019,0.015999,0,0,0
10,73019,0.017999,1,2,2
10,73019,0.019999,0,0,0
10,73019,0.021999,0,0,0
10,73019,0.023999,0,0,0
10,73019,0.025999,0,0,0
10,73019,0.027999,0,0,0
10,73019,0.029999,0,0,0
10,73019,0.031999,0,0,0
10,73019,0.033999,0,0,0
10,73019,0.035999,0,0,0
10,73019,0.037999,0,0,0
10,73019,0.039999,0,0,0
10,73019,0.041999,0,0,0
10,73019,0.043999,0,0,0
10,73019,0.045999,0,0,0
10,73019,0.047999,0,0,0
10,73019,0.049999,0,0,0
10,73019,0.051999,0,0,0
10,73019,0.053999,0,0,0
10,73019,0.055999,0,0,0
10,73019,0.057999,0,0,0
10,73019,0.059999,0,0,0
10,73019,0.061999,0,0,0
10,73019,0.063999,0,0,0
10,73019,0.065999,0,0,0
10,73019,0.067999,0,0,0
10,73019,0.069999,0,0,0
10,73019,0.071999,0,0,0
10,73019,0.073999,0,0,0
10,73019,0.075999,0,0,0
10,73019,0.077999,0,0,0
10,73019,0.079999,0,0,0
10,73019,0.081999,0,0,0
10,73019,0.083999,0,0,0
10,73019,0.085999,0,0,0
10,73019,0.087999,0,0,0
10,73019,0.089999,0,0,0
10,73019,0.091999,0,0,0
10,73019,0.093999,0,0,0
10,73019,0.095999,0,0,0
10,73019,0.097999,0,0,0
10,73019,0.099999,0,0,0
10,73019,0.101999,0,0,0
10,73019,0.103999,0,0,0
10,73019,0.105999,0,0,0
10,73019,0.107999,0,0,0
10,73019,0.109999,0,0,0
10,73019,0.111999,0,0,0
10,73019,0.113999,0,0,0
10,73019,0.115999,0,0,0
10,73019,0.117999,0,0,0
10,73019,0.119999,0,0,0
10,73019,0.121999,0,0,0
10,73019,0.123999,0,0,0
10,73019,0.125999,0,0,0
10,73019,0.127999,0,0,0
10,73019,0.129999,0,0,0
10,73019,0.131999,0,0,0
10,73019,0.133999,0,0,0
10,73019,0.135999,0,0,0
10,73019,0.137999,0,0,0
10,73019,0.139999,0,0,0
10,73019,0.141999,0,0,0
10,73019,0.143999,0,0,0
10,73019,0.145999,0,0,0
10,73019,0.147999,0,0,0
10,73019,0.149999,0,0,0
10,73019,0.151999,0,0,0
10,73019,0.153999,0,0,0
10,73019,0.155999,0,0,0
10,73019,0.157999,0,0,0
10,73019,0.159999,0,0,0
10,73019,0.161999,0,0,0
10,73019,0.163999,0,0,0
10,73019,0.165999,0,0,0
10,73019,0.167999,0,0,0
10,73019,0.169999,0,0,0
10,73019,0.171999,0,0,0
10,73019,0.173999,0,0,0
10,73019,0.175999,0,0,0
10,73019,0.177999,0,0,0
10,73019,0.179999,0,0,0
10,73019,0.181999,0,0,0
10,73019,0.183999,0,0,0
10,73019,0.185999,0,0,0
10,73019,0.187999,0,0,0
10,73019,0.189999,0,0,0
10,73019,0.191999,0,0,0
10,73019,0.193999,0,0,0
10,73019,0.195999,0,0,0
10,73019,0.197999,0,0,0
10,73019,0.199999,0,0,0
10,73019,0.201999,0,0,0
10,73019,0.203999,0,0,0
10,73019,0.205999,0,0,0
10,73019,0.207999,0,0,0
10,73019,0.209999,0,0,0
10,73019,0.211999,0,0,0
10,73019,0.213999,0,0,0
10,73019,0.215999,0,0,0
10,73019,0.217999,0,0,0
10,73019,0.219999,0,0,0
10,73019,0.221999,0,0,0
10,73019,0.223999,0,0,0
10,73019,0.225999,0,0,0
10,73019,0.227999,0,0,0
10,73019,0.229999,0,0,0
10,73019,0.231999,0,0,0
10,73019,0.233999,0,0,0
10,73019,0.235999,0,0,0
10,73019,0.237999,0,0,0
10,73019,0.239999,0,0,0
10,73019,0.241999,0,0,0
10,73019,0.243999,0,0,0
10,73019,0.245999,0,0,0
10,73019,0.247999,0,0,0
10,73019,0.249999,0,0,0
10,73019,0.251999,0,0,0
10,73019,0.253999,0,0,0
10,73019,0.255999,0,0,0
10,73019,0.257999,0,0,0
10,73019,0.259999,0,0,0
10,73019,0.261999,0,0,0
10,73019,0.263999,1,2,2
10,73019,0.265999,1,2,2
10,73019,0.267999,1,2,2
10,73019,0.269999,1,2,2
10,73019,0.271999,1,2,2
10,73019,0.273999,1,2,2
10,73019,0.275999,1,2,2
10,73019,0.277999,0,0,0
10,73019,0.279999,0,0,0
10,73019,0.281999,0,0,0
10,73019,0.283999,0,0,0
10,73019,0.285999,0,0,0
10,73019,0.287999,0,0,0
10,73019,0.289999,0,0,0
10,73019,0.291999,0,0,0
10,73019,0.293999,0,0,0
10,73019,0.295999,0,0,0
10,73019,0.297999,0,0,0
10,73019,0.299999,0,0,0
10,73019,0.301999,0,0,0
10,73019,0.303999,0,0,0
10,73019,0.305999,0,0,0
10,73019,0.307999,1,2,2
10,73019,0.309999,1,2,2
10,73019,0.311999,1,2,2
10,73019,0.313999,1,2,2
10,73019,0.315999,1,2,2
10,73019,0.317999,0,0,0
10,73019,0.319999,0,0,0
10,73019,0.321999,0,0,0
10,73019,0.323999,0,0,0
10,73019,0.325999,0,0,0
10,73019,0.327999,0,0,0
10,73019,0.329999,0,0,0
10,73019,0.331999,0,0,0
10,73019,0.333999,0,0,0
10,73019,0.335999,0,0,0
10,73019,0.337999,0,0,0
10,73019,0.339999,0,0,0
10,73019,0.341999,0,0,0
10,73019,0.343999,0,0,0
10,73019,0.345999,0,0,0
10,73019,0.347999,0,0,0
10,73019,0.349999,0,0,0
10,73019,0.351999,0,0,0
10,73019,0.353999,0,0,0
10,73019,0.355999,0,0,0
10,73019,0.357999,0,0,0
10,73019,0.359999,0,0,0
10,73019,0.361999,0,0,0
10,73019,0.363999,0,0,0
10,73019,0.365999,0,0,0
10,73019,0.367999,0,0,0
10,73019,0.369999,0,0,0
10,73019,0.371999,0,0,0
10,73019,0.373999,0,0,0
10,73019,0.375999,0,0,0
10,73019,0.377999,0,0,0
10,73019,0.379999,0,0,0
10,73019,0.381999,0,0,0
10,73019,0.383999,0,0,0
10,73019,0.385999,0,0,0
10,73019,0.387999,0,0,0
10,73019,0.389999,0,0,0
10,73019,0.391999,0,0,0
10,73019,0.393999,0,0,0
10,73019,0.395999,1,2,2
10,73019,0.397999,1,2,2
10,73019,0.399999,1,2,2
10,73019,0.401999,0,0,0
10,73019,0.403999,0,0,0
10,73019,0.405999,0,0,0
10,73019,0.407999,0,0,0
10,73019,0.409999,1,2,2
10,73019,0.411999,1,2,2
10,73019,0.413999,1,2,2
10,73019,0.415999,1,2,2
10,73019,0.417999,1,2,2
10,73019,0.419999,1,2,2
10,73019,0.421999,1,2,2
10,73019,0.423999,1,2,2
10,73019,0.425999,1,2,2
10,73019,0.427999,1,2,2
10,73019,0.429999,1,2,2
10,73019,0.431999,0,0,0
10,73019,0.433999,0,0,0
10,73019,0.435999,1,2,2
10,73019,0.437999,1,2,2
10,73019,0.439999,1,2,2
10,73019,0.441999,0,0,0
10,73019,0.443999,0,0,0
10,73019,0.445999,0,0,0
10,73019,0.447999,0,0,0
10,73019,0.449999,1,2,2
10,73019,0.451999,1,2,2
10,73019,0.453999,1,2,2
10,73019,0.455999,1,2,2
10,73019,0.457999,1,2,2
10,73019,0.459999,1,2,2
10,73019,0.461999,1,2,2
10,73019,0.463999,1,2,2
10,73019,0.465999,1,2,2
10,73019,0.467999,1,2,2
10,73019,0.469999,1,2,2
10,73019,0.471999,1,2,2
10,73019,0.473999,1,2,2
10,73019,0.475999,1,2,2
10,73019,0.477999,1,2,2
10,73019,0.479999,0,0,0
10,73019,0.481999,0,0,0
10,73019,0.483999,0,0,0
10,73019,0.485999,0,0,0
10,73019,0.487999,0,0,0
10,73019,0.489999,0,0,0
10,73019,0.491999,0,0,0
10,73019,0.493999,0,0,0
10,73019,0.495999,0,0,0
10,73019,0.497999,0,0,0
10,73019,0.499999,0,0,0
10,73019,0.501999,0,0,0
10,73019,0.503999,0,0,0
10,73019,0.505999,0,0,0
10,73019,0.507999,0,0,0
10,73019,0.509999,0,0,0
10,73019,0.511999,0,0,0
10,73019,0.513999,0,0,0
10,73019,0.515999,0,0,0
10,73019,0.517999,0,0,0
10,73019,0.519999,0,0,0
10,73019,0.521999,0,0,0
10,73019,0.523999,0,0,0
10,73019,0.525999,0,0,0
10,73019,0.527999,0,0,0
10,73019,0.529999,0,0,0
10,73019,0.531999,0,0,0
10,73019,0.533999,0,0,0
10,73019,0.535999,0,0,0
10,73019,0.537999,0,0,0
10,73019,0.539999,0,0,0
10,73019,0.541999,0,0,0
10,73019,0.543999,0,0,0
10,73019,0.545999,0,0,0
10,73019,0.547999,0,0,0
10,73019,0.549999,0,0,0
10,73019,0.551999,0,0,0
10,73019,0.553999,0,0,0
10,73019,0.555999,1,2,2
10,73019,0.557999,1,2,2
10,73019,0.559999,1,2,2
10,73019,0.561999,1,2,2
10,73019,0.563999,1,2,2
10,73019,0.565999,2,4,2
10,73019,0.567999,1,2,2
10,73019,0.569999,1,2,2
10,73019,0.571999,1,2,2
10,73019,0.573999,1,2,2
10,73019,0.575999,1,2,2
10,73019,0.577999,1,2,2
10,73019,0.579999,1,2,2
10,73019,0.581999,1,2,2
10,73019,0.583999,1,2,2
10,73019,0.585999,1,2,2
10,73019,0.587999,2,4,2
10,73019,0.589999,1,2,2
10,73019,0.591999,1,2,2
10,73019,0.593999,1,2,2
10,73019,0.595999,1,2,2
10,73019,0.597999,2,4,2
10,73019,0.599999,2,4,2
10,73019,0.601999,2,4,2
10,73019,0.603999,1,2,2
10,73019,0.605999,1,2,2
10,73019,0.607999,1,2,2
10,73019,0.609999,0,0,0
10,73019,0.611999,0,0,0
10,73019,0.613999,1,2,2
10,73019,0.615999,0,0,0
10,73019,0.617999,0,0,0
10,73019,0.619999,0,0,0
10,73019,0.621999,0,0,0
10,73019,0.623999,1,2,2
10,73019,0.625999,1,2,2
10,73019,0.627999,1,2,2
10,73019,0.629999,1,2,2
10,73019,0.631999,1,2,2
10,73019,0.633999,1,2,2
10,73019,0.635999,1,2,2
10,73019,0.637999,1,2,2
10,73019,0.639999,1,2,2
10,73019,0.641999,1,2,2
10,73019,0.643999,1,2,2
10,73019,0.645999,1,2,2
10,73019,0.647999,1,2,2
10,73019,0.649999,1,2,2
10,73019,0.651999,2,4,2
10,73019,0.653999,2,4,2
10,73019,0.655999,2,4,2
10,73019,0.657999,2,4,2
10,73019,0.659999,2,4,2
10,73019,0.661999,2,4,2
10,73019,0.663999,2,4,2
10,73019,0.665999,2,4,2
10,73019,0.667999,2,4,2
10,73019,0.669999,2,4,2
10,73019,0.671999,2,4,2
10,73019,0.673999,2,4,2
10,73019,0.675999,2,4,2
10,73019,0.677999,3,6,2
10,73019,0.679999,2,4,2
10,73019,0.681999,2,4,2
10,73019,0.683999,2,4,2
10,73019,0.685999,2,4,2
10,73019,0.687999,2,4,2
10,73019,0.689999,3,6,2
10,73019,0.691999,3,6,2
10,73019,0.693999,2,4,2
10,73019,0.695999,2,4,2
10,73019,0.697999,2,4,2
10,73019,0.699999,2,4,2
10,73019,0.701999,2,4,2
10,73019,0.703999,2,4,2
10,73019,0.705999,2,4,2
10,73019,0.707999,2,4,2
10,73019,0.709999,2,4,2
10,73019,0.711999,2,4,2
10,73019,0.713999,2,4,2
10,73019,0.715999,2,4,2
10,73019,0.717999,2,4,2
10,73019,0.719999,2,4,2
10,73019,0.721999,2,4,2
10,73019,0.723999,2,4,2
10,73019,0.725999,2,4,2
10,73019,0.727999,2,4,2
10,73019,0.729999,2,4,2
10,73019,0.731999,2,4,2
10,73019,0.733999,3,6,2
10,73019,0.735999,3,6,2
10,73019,0.737999,3,6,2
10,73019,0.739999,3,6,2
10,73019,0.741999,3,6,2
10,73019,0.743999,3,6,2
10,73019,0.745999,3,6,2
10,73019,0.747999,3,6,2
10,73019,0.749999,3,6,2
10,73019,0.751999,3,6,2
10,73019,0.753999,3,6,2
10,73019,0.755999,3,6,2
10,73019,0.757999,3,6,2
10,73019,0.759999,3,6,2
10,73019,0.761999,3,6,2
10,73019,0.763999,3,6,2
10,73019,0.765999,3,6,2
10,73019,0.767999,3,6,2
10,73019,0.769999,3,6,2
10,73019,0.771999,3,6,2
10,73019,0.773999,3,6,2
10,73019,0.775999,3,6,2
10,73019,0.777999,3,6,2
10,73019,0.779999,3,6,2
10,73019,0.781999,3,6,2
10,73019,0.783999,3,6,2
10,73019,0.785999,3,6,2
10,73019,0.787999,3,6,2
10,73019,0.789999,3,6,2
10,73019,0.791999,3,6,2
10,73019,0.793999,3,6,2
10,73019,0.795999,3,6,2
10,73019,0.797999,3,6,2
10,73019,0.799999,3,6,2
10,73019,0.801999,3,6,2
10,73019,0.803999,3,6,2
10,73019,0.805999,3,6,2
10,73019,0.807999,3,6,2
10,73019,0.809999,3,6,2
10,73019,0.811999,3,6,2
10,73019,0.813999,3,6,2
10,73019,0.815999,3,6,2
10,73019,0.817999,3,6,2
10,73019,0.819999,3,6,2
10,73019,0.821999,3,6,2
10,73019,0.823999,3,6,2
10,73019,0.825999,3,6,2
10,73019,0.827999,3,6,2
10,73019,0.829999,3,6,2
10,73019,0.831999,3,6,2
10,73019,0.833999,3,6,2
10,73019,0.835999,3,6,2
10,73019,0.837999,3,6,2
10,73019,0.839999,3,6,2
10,73019,0.841999,3,6,2
10,73019,0.843999,3,6,2
10,73019,0.845999,3,6,2
10,73019,0.847999,3,6,2
10,73019,0.849999,3,6,2
10,73019,0.851999,3,6,2
10,73019,0.853999,3,6,2
10,73019,0.855999,3,6,2
10,73019,0.857999,3,6,2
10,73019,0.859999,3,6,2
10,73019,0.861999,3,6,2
10,73019,0.863999,3,6,2
10,73019,0.865999,3,6,2
10,73019,0.867999,3,6,2
10,73019,0.869999,3,6,2
10,73019,0.871999,3,6,2
10,73019,0.873999,3,6,2
10,73019,0.875999,3,6,2
10,73019,0.877999,3,6,2
10,73019,0.879999,3,6,2
10,73019,0.881999,3,6,2
10,73019,0.883999,3,6,2
10,73019,0.885999,3,6,2
10,73019,0.887999,3,6,2
10,73019,0.889999,3,6,2
10,73019,0.891999,3,6,2
10,73019,0.893999,3,6,2
10,73019,0.895999,3,6,2
10,73019,0.897999,3,6,2
10,73019,0.899999,3,6,2
10,73019,0.901999,3,6,2
10,73019,0.903999,3,6,2
10,73019,0.905999,3,6,2
10,73019,0.907999,3,6,2
10,73019,0.909999,3,6,2
10,73019,0.911999,3,6,2
10,73019,0.913999,3,6,2
10,73019,0.915999,3,6,2
10,73019,0.917999,3,6,2
10,73019,0.919999,3,6,2
10,73019,0.921999,3,6,2
10,73019,0.923999,3,6,2
10,73019,0.925999,3,6,2
10,73019,0.927999,3,6,2
10,73019,0.929999,3,6,2
10,73019,0.931999,3,6,2
10,73019,0.933999,3,6,2
10,73019,0.935999,3,6,2
10,73019,0.937999,3,6,2
10,73019,0.939999,3,6,2
10,73019,0.941999,3,6,2
10,73019,0.943999,3,6,2
10,73019,0.945999,3,6,2
10,73019,0.947999,3,6,2
10,73019,0.949999,3,6,2
10,73019,0.951999,3,6,2
10,73019,0.953999,3,6,2
10,73019,0.955999,3,6,2
10,73019,0.957999,3,6,2
10,73019,0.959999,3,6,2
10,73019,0.961999,3,6,2
10,73019,0.963999,3,6,2
10,73019,0.965999,3,6,2
10,73019,0.967999,3,6,2
10,73019,0.969999,3,6,2
10,73019,0.971999,3,6,2
10,73019,0.973999,3,6,2
10,73019,0.975999,3,6,2
10,73019,0.977999,3,6,2
10,73019,0.979999,3,6,2
10,73019,0.981999,3,6,2
10,73019,0.983999,3,6,2
10,73019,0.985999,3,6,2
10,73019,0.987999,3,6,2
10,73019,0.989999,3,6,2
10,73019,0.991999,3,6,2
10,73019,0.993999,3,6,2
10,73019,0.995999,3,6,2
10,73019,0.997999,3,6,2
10,73019,0.999999,3,6,2
10,11234,0.0,1,2,2
10,11234,0.001999,0,0,0
10,11234,0.003999,0,0,0
10,11234,0.005999,0,0,0
10,11234,0.007999,0,0,0
10,11234,0.009999,0,0,0
10,11234,0.011999,0,0,0
10,11234,0.013999,0,0,0
10,11234,0.015999,0,0,0
10,11234,0.017999,0,0,0
10,11234,0.019999,0,0,0
10,11234,0.021999,0,0,0
10,11234,0.023999,0,0,0
10,11234,0.025999,0,0,0
10,11234,0.027999,0,0,0
10,11234,0.029999,0,0,0
10,11234,0.031999,0,0,0
10,11234,0.033999,0,0,0
10,11234,0.035999,0,0,0
10,11234,0.037999,0,0,0
10,11234,0.039999,0,0,0
10,11234,0.041999,0,0,0
10,11234,0.043999,0,0,0
10,11234,0.045999,0,0,0
10,11234,0.047999,0,0,0
10,11234,0.049999,0,0,0
10,11234,0.051999,0,0,0
10,11234,0.053999,0,0,0
10,11234,0.055999,0,0,0
10,11234,0.057999,0,0,0
10,11234,0.059999,0,0,0
10,11234,0.061999,0,0,0
10,11234,0.063999,0,0,0
10,11234,0.065999,0,0,0
10,11234,0.067999,0,0,0
10,11234,0.069999,0,0,0
10,11234,0.071999,0,0,0
10,11234,0.073999,0,0,0
10,11234,0.075999,0,0,0
10,11234,0.077999,0,0,0
10,11234,0.079999,0,0,0
10,11234,0.081999,0,0,0
10,11234,0.083999,0,0,0
10,11234,0.085999,0,0,0
10,11234,0.087999,0,0,0
10,11234,0.089999,0,0,0
10,11234,0.091999,0,0,0
10,11234,0.093999,0,0,0
10,11234,0.095999,0,0,0
10,11234,0.097999,0,0,0
10,11234,0.099999,0,0,0
10,11234,0.101999,0,0,0
10,11234,0.103999,0,0,0
10,11234,0.105999,0,0,0
10,11234,0.107999,0,0,0
10,11234,0.109999,0,0,0
10,11234,0.111999,0,0,0
10,11234,0.113999,0,0,0
10,11234,0.115999,0,0,0
10,11234,0.117999,0,0,0
10,11234,0.119999,0,0,0
10,11234,0.121999,0,0,0
10,11234,0.123999,0,0,0
10,11234,0.125999,0,0,0
10,11234,0.127999,0,0,0
10,11234,0.129999,0,0,0
10,11234,0.131999,0,0,0
10,11234,0.133999,0,0,0
10,11234,0.135999,0,0,0
10,11234,0.137999,0,0,0
10,11234,0.139999,0,0,0
10,11234,0.141999,0,0,0
10,11234,0.143999,0,0,0
10,11234,0.145999,0,0,0
10,11234,0.147999,0,0,0
10,11234,0.149999,0,0,0
10,11234,0.151999,0,0,0
10,11234,0.153999,0,0,0
10,11234,0.155999,0,0,0
10,11234,0.157999,0,0,0
10,11234,0.159999,0,0,0
10,11234,0.161999,0,0,0
10,11234,0.163999,0,0,0
10,11234,0.165999,0,0,0
10,11234,0.167999,0,0,0
10,11234,0.169999,0,0,0
10,11234,0.171999,0,0,0
10,11234,0.173999,0,0,0
10,11234,0.175999,0,0,0
10,11234,0.177999,0,0,0
10,11234,0.179999,0,0,0
10,11234,0.181999,0,0,0
10,11234,0.183999,0,0,0
10,11234,0.185999,0,0,0
10,11234,0.187999,0,0,0
10,11234,0.189999,0,0,0
10,11234,0.191999,0,0,0
10,11234,0.193999,0,0,0
10,11234,0.195999,0,0,0
10,11234,0.197999,0,0,0
10,11234,0.199999,0,0,0
10,11234,0.201999,0,0,0
10,11234,0.203999,0,0,0
10,11234,0.205999,0,0,0
10,11234,0.207999,0,0,0
10,11234,0.209999,0,0,0
10,11234,0.211999,0,0,0
10,11234,0.213999,0,0,0
10,11234,0.215999,0,0,0
10,11234,0.217999,0,0,0
10,11234,0.219999,0,0,0
10,11234,0.221999,0,0,0
10,11234,0.223999,0,0,0
10,11234,0.225999,0,0,0
10,11234,0.227999,0,0,0
10,11234,0.229999,0,0,0
10,11234,0.231999,0,0,0
10,11234,0.233999,0,0,0
10,11234,0.235999,0,0,0
10,11234,0.237999,0,0,0
10,11234,0.239999,0,0,0
10,11234,0.241999,0,0,0
10,11234,0.243999,0,0,0
10,11234,0.245999,0,0,0
10,11234,0.247999,0,0,0
10,11234,0.249999,0,0,0
10,11234,0.251999,0,0,0
10,11234,0.253999,1,2,2
10,11234,0.255999,1,2,2
10,11234,0.257999,1,2,2
10,11234,0.259999,1,2,2
10,11234,0.261999,1,2,2
10,11234,0.263999,1,2,2
10,11234,0.265999,1,2,2
10,11234,0.267999,0,0,0
10,11234,0.269999,0,0,0
10,11234,0.271999,0,0,0
10,11234,0.273999,0,0,0
10,11234,0.275999,0,0,0
10,11234,0.277999,0,0,0
10,11234,0.279999,0,0,0
10,11234,0.281999,0,0,0
10,11234,0.283999,0,0,0
10,11234,0.285999,0,0,0
10,11234,0.287999,0,0,0
10,11234,0.289999,0,0,0
10,11234,0.291999,1,2,2
10,11234,0.293999,1,2,2
10,11234,0.295999,1,2,2
10,11234,0.297999,1,2,2
10,11234,0.299999,1,2,2
10,11234,0.301999,1,2,2
10,11234,0.303999,1,2,2
10,11234,0.305999,1,2,2
10,11234,0.307999,1,2,2
10,11234,0.309999,1,2,2
10,11234,0.311999,1,2,2
10,11234,0.313999,1,2,2
10,11234,0.315999,1,2,2
10,11234,0.317999,1,2,2
10,11234,0.319999,1,2,2
10,11234,0.321999,0,0,0
10,11234,0.323999,0,0,0
10,11234,0.325999,0,0,0
10,11234,0.327999,0,0,0
10,11234,0.329999,0,0,0
10,11234,0.331999,0,0,0
10,11234,0.333999,0,0,0
10,11234,0.335999,0,0,0
10,11234,0.337999,0,0,0
10,11234,0.339999,0,0,0
10,11234,0.341999,0,0,0
10,11234,0.343999,0,0,0
10,11234,0.345999,0,0,0
10,11234,0.347999,0,0,0
10,11234,0.349999,0,0,0
10,11234,0.351999,0,0,0
10,11234,0.353999,0,0,0
10,11234,0.355999,0,0,0
10,11234,0.357999,0,0,0
10,11234,0.359999,0,0,0
10,11234,0.361999,0,0,0
10,11234,0.363999,0,0,0
10,11234,0.365999,0,0,0
10,11234,0.367999,0,0,0
10,11234,0.369999,0,0,0
10,11234,0.371999,0,0,0
10,11234,0.373999,0,0,0
10,11234,0.375999,0,0,0
10,11234,0.377999,0,0,0
10,11234,0.379999,0,0,0
10,11234,0.381999,0,0,0
10,11234,0.383999,0,0,0
10,11234,0.385999,0,0,0
10,11234,0.387999,0,0,0
10,11234,0.389999,0,0,0
10,11234,0.391999,0,0,0
10,11234,0.393999,1,2,2
10,11234,0.395999,1,2,2
10,11234,0.397999,1,2,2
10,11234,0.399999,1,2,2
10,11234,0.401999,1,2,2
10,11234,0.403999,1,2,2
10,11234,0.405999,1,2,2
10,11234,0.407999,1,2,2
10,11234,0.409999,1,2,2
10,11234,0.411999,1,2,2
10,11234,0.413999,1,2,2
10,11234,0.415999,1,2,2
10,11234,0.417999,1,2,2
10,11234,0.419999,1,2,2
10,11234,0.421999,1,2,2
10,11234,0.423999,1,2,2
10,11234,0.425999,1,2,2
10,11234,0.427999,1,2,2
10,11234,0.429999,1,2,2
10,11234,0.431999,1,2,2
10,11234,0.433999,1,2,2
10,11234,0.435999,1,2,2
10,11234,0.437999,1,2,2
10,11234,0.439999,1,2,2
10,11234,0.441999,1,2,2
10,11234,0.443999,1,2,2
10,11234,0.445999,1,2,2
10,11234,0.447999,1,2,2
10,11234,0.449999,1,2,2
10,11234,0.451999,1,2,2
10,11234,0.453999,1,2,2
10,11234,0.455999,1,2,2
10,11234,0.457999,1,2,2
10,11234,0.459999,1,2,2
10,11234,0.461999,1,2,2
10,11234,0.463999,1,2,2
10,11234,0.465999,1,2,2
10,11234,0.467999,1,2,2
10,11234,0.469999,1,2,2
10,11234,0.471999,1,2,2
10,11234,0.473999,1,2,2
10,11234,0.475999,1,2,2
10,11234,0.477999,1,2,2
10,11234,0.479999,1,2,2
10,11234,0.481999,1,2,2
10,11234,0.483999,1,2,2
10,11234,0.485999,1,2,2
10,11234,0.487999,1,2,2
10,11234,0.489999,1,2,2
10,11234,0.491999,1,2,2
10,11234,0.493999,1,2,2
10,11234,0.495999,1,2,2
10,11234,0.497999,1,2,2
10,11234,0.499999,1,2,2
10,11234,0.501999,1,2,2
10,11234,0.503999,1,2,2
10,11234,0.505999,1,2,2
10,11234,0.507999,1,2,2
10,11234,0.509999,1,2,2
10,11234,0.511999,1,2,2
10,11234,0.513999,1,2,2
10,11234,0.515999,1,2,2
10,11234,0.517999,1,2,2
10,11234,0.519999,1,2,2
10,11234,0.521999,1,2,2
10,11234,0.523999,1,2,2
10,11234,0.525999,1,2,2
10,11234,0.527999,1,2,2
10,11234,0.529999,1,2,2
10,11234,0.531999,1,2,2
10,11234,0.533999,1,2,2
10,11234,0.535999,1,2,2
10,11234,0.537999,1,2,2
10,11234,0.539999,1,2,2
10,11234,0.541999,1,2,2
10,11234,0.543999,1,2,2
10,11234,0.545999,1,2,2
10,11234,0.547999,1,2,2
10,11234,0.549999,1,2,2
10,11234,0.551999,1,2,2
10,11234,0.553999,1,2,2
10,11234,0.555999,1,2,2
10,11234,0.557999,1,2,2
10,11234,0.559999,1,2,2
10,11234,0.561999,1,2,2
10,11234,0.563999,1,2,2
10,11234,0.565999,1,2,2
10,11234,0.567999,1,2,2
10,11234,0.569999,1,2,2
10,11234,0.571999,1,2,2
10,11234,0.573999,1,2,2
10,11234,0.575999,1,2,2
10,11234,0.577999,1,2,2
10,11234,0.579999,1,2,2
10,11234,0.581999,1,2,2
10,11234,0.583999,1,2,2
10,11234,0.585999,1,2,2
10,11234,0.587999,1,2,2
10,11234,0.589999,1,2,2
10,11234,0.591999,1,2,2
10,11234,0.593999,1,2,2
10,11234,0.595999,1,2,2
10,11234,0.597999,1,2,2
10,11234,0.599999,1,2,2
10,11234,0.601999,1,2,2
10,11234,0.603999,1,2,2
10,11234,0.605999,1,2,2
10,11234,0.607999,1,2,2
10,11234,0.609999,1,2,2
10,11234,0.611999,1,2,2
10,11234,0.613999,1,2,2
10,11234,0.615999,1,2,2
10,11234,0.617999,1,2,2
10,11234,0.619999,1,2,2
10,11234,0.621999,1,2,2
10,11234,0.623999,1,2,2
10,11234,0.625999,1,2,2
10,11234,0.627999,1,2,2
10,11234,0.629999,1,2,2
10,11234,0.631999,1,2,2
10,11234,0.633999,1,2,2
10,11234,0.635999,1,2,2
10,11234,0.637999,1,2,2
10,11234,0.639999,1,2,2
10,11234,0.641999,1,2,2
10,11234,0.643999,1,2,2
10,11234,0.645999,1,2,2
10,11234,0.647999,1,2,2
10,11234,0.649999,1,2,2
10,11234,0.651999,1,2,2
10,11234,0.653999,1,2,2
10,11234,0.655999,1,2,2
10,11234,0.657999,1,2,2
10,11234,0.659999,1,2,2
10,11234,0.661999,1,2,2
10,11234,0.663999,1,2,2
10,11234,0.665999,1,2,2
10,11234,0.667999,1,2,2
10,11234,0.669999,1,2,2
10,11234,0.671999,1,2,2
10,11234,0.673999,1,2,2
10,11234,0.675999,1,2,2
10,11234,0.677999,1,2,2
10,11234,0.679999,1,2,2
10,11234,0.681999,1,2,2
10,11234,0.683999,1,2,2
10,11234,0.685999,1,2,2
10,11234,0.687999,1,2,2
10,11234,0.689999,1,2,2
10,11234,0.691999,1,2,2
10,11234,0.693999,1,2,2
10,11234,0.695999,1,2,2
10,11234,0.697999,1,2,2
10,11234,0.699999,1,2,2
10,11234,0.701999,1,2,2
10,11234,0.703999,1,2,2
10,11234,0.705999,1,2,2
10,11234,0.707999,1,2,2
10,11234,0.709999,1,2,2
10,11234,0.711999,1,2,2
10,11234,0.713999,1,2,2
10,11234,0.715999,1,2,2
10,11234,0.717999,1,2,2
10,11234,0.719999,1,2,2
10,11234,0.721999,1,2,2
10,11234,0.723999,1,2,2
10,11234,0.725999,1,2,2
10,11234,0.727999,1,2,2
10,11234,0.729999,1,2,2
10,11234,0.731999,1,2,2
10,11234,0.733999,1,2,2
10,11234,0.735999,1,2,2
10,11234,0.737999,1,2,2
10,11234,0.739999,1,2,2
10,11234,0.741999,1,2,2
10,11234,0.743999,1,2,2
10,11234,0.745999,1,2,2
10,11234,0.747999,1,2,2
10,11234,0.749999,1,2,2
10,11234,0.751999,1,2,2
10,11234,0.753999,1,2,2
10,11234,0.755999,1,2,2
10,11234,0.757999,1,2,2
10,11234,0.759999,1,2,2
10,11234,0.761999,1,2,2
10,11234,0.763999,1,2,2
10,11234,0.765999,1,2,2
10,11234,0.767999,1,2,2
10,11234,0.769999,1,2,2
10,11234,0.771999,1,2,2
10,11234,0.773999,1,2,2
10,11234,0.775999,1,2,2
10,11234,0.777999,1,2,2
10,11234,0.779999,1,2,2
10,11234,0.781999,1,2,2
10,11234,0.783999,1,2,2
10,11234,0.785999,1,2,2
10,11234,0.787999,1,2,2
10,11234,0.789999,1,2,2
10,11234,0.791999,1,2,2
10,11234,0.793999,1,2,2
10,11234,0.795999,1,2,2
10,11234,0.797999,1,2,2
10,11234,0.799999,1,2,2
10,11234,0.801999,1,2,2
10,11234,0.803999,1,2,2
10,11234,0.805999,1,2,2
10,11234,0.807999,1,2,2
10,11234,0.809999,1,2,2
10,11234,0.811999,1,2,2
10,11234,0.813999,1,2,2
10,11234,0.815999,1,2,2
10,11234,0.817999,1,2,2
10,11234,0.819999,1,2,2
10,11234,0.821999,1,2,2
10,11234,0.823999,1,2,2
10,11234,0.825999,1,2,2
10,11234,0.827999,1,2,2
10,11234,0.829999,1,2,2
10,11234,0.831999,1,2,2
10,11234,0.833999,1,2,2
10,11234,0.835999,1,2,2
10,11234,0.837999,1,2,2
10,11234,0.839999,1,2,2
10,11234,0.841999,1,2,2
10,11234,0.843999,1,2,2
10,11234,0.845999,1,2,2
10,11234,0.847999,1,2,2
10,11234,0.849999,1,2,2
10,11234,0.851999,1,2,2
10,11234,0.853999,1,2,2
10,11234,0.855999,1,2,2
10,11234,0.857999,1,2,2
10,11234,0.859999,1,2,2
10,11234,0.861999,1,2,2
10,11234,0.863999,1,2,2
10,11234,0.865999,1,2,2
10,11234,0.867999,1,2,2
10,11234,0.869999,1,2,2
10,11234,0.871999,1,2,2
10,11234,0.873999,1,2,2
10,11234,0.875999,1,2,2
10,11234,0.877999,1,2,2
10,11234,0.879999,1,2,2
10,11234,0.881999,1,2,2
10,11234,0.883999,1,2,2
10,11234,0.885999,1,2,2
10,11234,0.887999,1,2,2
10,11234,0.889999,1,2,2
10,11234,0.891999,1,2,2
10,11234,0.893999,1,2,2
10,11234,0.895999,1,2,2
10,11234,0.897999,1,2,2
10,11234,0.899999,1,2,2
10,11234,0.901999,1,2,2
10,11234,0.903999,1,2,2
10,11234,0.905999,1,2,2
10,11234,0.907999,1,2,2
10,11234,0.909999,1,2,2
10,11234,0.911999,1,2,2
10,11234,0.913999,1,2,2
10,11234,0.915999,1,2,2
10,11234,0.917999,1,2,2
10,11234,0.919999,1,2,2
10,11234,0.921999,1,2,2
10,11234,0.923999,1,2,2
10,11234,0.925999,1,2,2
10,11234,0.927999,1,2,2
10,11234,0.929999,1,2,2
10,11234,0.931999,1,2,2
10,11234,0.933999,1,2,2
10,11234,0.935999,1,2,2
10,11234,0.937999,1,2,2
10,11234,0.939999,1,2,2
10,11234,0.941999,1,2,2
10,11234,0.943999,1,2,2
10,11234,0.945999,1,2,2
10,11234,0.947999,1,2,2
10,11234,0.949999,1,2,2
10,11234,0.951999,1,2,2
10,11234,0.953999,1,2,2
10,11234,0.955999,1,2,2
10,11234,0.957999,1,2,2
10,11234,0.959999,1,2,2
10,11234,0.961999,1,2,2
10,11234,0.963999,1,2,2
10,11234,0.965999,1,2,2
10,11234,0.967999,1,2,2
10,11234,0.969999,1,2,2
10,11234,0.971999,1,2,2
10,11234,0.973999,1,2,2
10,11234,0.975999,1,2,2
10,11234,0.977999,1,2,2
10,11234,0.979999,1,2,2
10,11234,0.981999,1,2,2
10,11234,0.983999,1,2,2
10,11234,0.985999,1,2,2
10,11234,0.987999,1,2,2
10,11234,0.989999,1,2,2
10,11234,0.991999,1,2,2
10,11234,0.993999,1,2,2
10,11234,0.995999,1,2,2
10,11234,0.997999,1,2,2
10,11234,0.999999,1,2,2
10,101098,0.0,2,4,2
10,101098,0.001999,0,0,0
10,101098,0.003999,0,0,0
10,101098,0.005999,0,0,0
10,101098,0.007999,0,0,0
10,101098,0.009999,0,0,0
10,101098,0.011999,0,0,0
10,101098,0.013999,0,0,0
10,101098,0.015999,0,0,0
10,101098,0.017999,0,0,0
10,101098,0.019999,0,0,0
10,101098,0.021999,0,0,0
10,101098,0.023999,0,0,0
10,101098,0.025999,0,0,0
10,101098,0.027999,1,2,2
10,101098,0.029999,1,2,2
10,101098,0.031999,0,0,0
10,101098,0.033999,0,0,0
10,101098,0.035999,0,0,0
10,101098,0.037999,0,0,0
10,101098,0.039999,0,0,0
10,101098,0.041999,0,0,0
10,101098,0.043999,0,0,0
10,101098,0.045999,0,0,0
10,101098,0.047999,0,0,0
10,101098,0.049999,0,0,0
10,101098,0.051999,0,0,0
10,101098,0.053999,0,0,0
10,101098,0.055999,1,2,2
10,101098,0.057999,0,0,0
10,101098,0.059999,0,0,0
10,101098,0.061999,0,0,0
10,101098,0.063999,0,0,0
10,101098,0.065999,0,0,0
10,101098,0.067999,0,0,0
10,101098,0.069999,0,0,0
10,101098,0.071999,0,0,0
10,101098,0.073999,0,0,0
10,101098,0.075999,0,0,0
10,101098,0.077999,0,0,0
10,101098,0.079999,0,0,0
10,101098,0.081999,0,0,0
10,101098,0.083999,0,0,0
10,101098,0.085999,0,0,0
10,101098,0.087999,0,0,0
10,101098,0.089999,0,0,0
10,101098,0.091999,0,0,0
10,101098,0.093999,0,0,0
10,101098,0.095999,0,0,0
10,101098,0.097999,0,0,0
10,101098,0.099999,0,0,0
10,101098,0.101999,0,0,0
10,101098,0.103999,0,0,0
10,101098,0.105999,0,0,0
10,101098,0.107999,0,0,0
10,101098,0.109999,0,0,0
10,101098,0.111999,0,0,0
10,101098,0.113999,0,0,0
10,101098,0.115999,0,0,0
10,101098,0.117999,0,0,0
10,101098,0.119999,0,0,0
10,101098,0.121999,0,0,0
10,101098,0.123999,0,0,0
10,101098,0.125999,0,0,0
10,101098,0.127999,0,0,0
10,101098,0.129999,0,0,0
10,101098,0.131999,0,0,0
10,101098,0.133999,0,0,0
10,101098,0.135999,0,0,0
10,101098,0.137999,0,0,0
10,101098,0.139999,0,0,0
10,101098,0.141999,0,0,0
10,101098,0.143999,0,0,0
10,101098,0.145999,0,0,0
10,101098,0.147999,0,0,0
10,101098,0.149999,0,0,0
10,101098,0.151999,0,0,0
10,101098,0.153999,0,0,0
10,101098,0.155999,0,0,0
10,101098,0.157999,0,0,0
10,101098,0.159999,0,0,0
10,101098,0.161999,0,0,0
10,101098,0.163999,0,0,0
10,101098,0.165999,0,0,0
10,101098,0.167999,0,0,0
10,101098,0.169999,0,0,0
10,101098,0.171999,0,0,0
10,101098,0.173999,0,0,0
10,101098,0.175999,0,0,0
10,101098,0.177999,0,0,0
10,101098,0.179999,0,0,0
10,101098,0.181999,0,0,0
10,101098,0.183999,0,0,0
10,101098,0.185999,0,0,0
10,101098,0.187999,0,0,0
10,101098,0.189999,0,0,0
10,101098,0.191999,0,0,0
10,101098,0.193999,0,0,0
10,101098,0.195999,0,0,0
10,101098,0.197999,0,0,0
10,101098,0.199999,0,0,0
10,101098,0.201999,0,0,0
10,101098,0.203999,0,0,0
10,101098,0.205999,0,0,0
10,101098,0.207999,0,0,0
10,101098,0.209999,0,0,0
10,101098,0.211999,0,0,0
10,101098,0.213999,0,0,0
10,101098,0.215999,0,0,0
10,101098,0.217999,0,0,0
10,101098,0.219999,0,0,0
10,101098,0.221999,0,0,0
10,101098,0.223999,0,0,0
10,101098,0.225999,0,0,0
10,101098,0.227999,0,0,0
10,101098,0.229999,0,0,0
10,101098,0.231999,0,0,0
10,101098,0.233999,0,0,0
10,101098,0.235999,0,0,0
10,101098,0.237999,0,0,0
10,101098,0.239999,0,0,0
10,101098,0.241999,0,0,0
10,101098,0.243999,0,0,0
10,101098,0.245999,0,0,0
10,101098,0.247999,0,0,0
10,101098,0.249999,0,0,0
10,101098,0.251999,0,0,0
10,101098,0.253999,0,0,0
10,101098,0.255999,0,0,0
10,101098,0.257999,0,0,0
10,101098,0.259999,0,0,0
10,101098,0.261999,0,0,0
10,101098,0.263999,0,0,0
10,101098,0.265999,0,0,0
10,101098,0.267999,0,0,0
10,101098,0.269999,0,0,0
10,101098,0.271999,0,0,0
10,101098,0.273999,0,0,0
10,101098,0.275999,0,0,0
10,101098,0.277999,0,0,0
10,101098,0.279999,0,0,0
10,101098,0.281999,0,0,0
10,101098,0.283999,0,0,0
10,101098,0.285999,0,0,0
10,101098,0.287999,0,0,0
10,101098,0.289999,0,0,0
10,101098,0.291999,0,0,0
10,101098,0.293999,0,0,0
10,101098,0.295999,0,0,0
10,101098,0.297999,0,0,0
10,101098,0.299999,0,0,0
10,101098,0.301999,0,0,0
10,101098,0.303999,0,0,0
10,101098,0.305999,0,0,0
10,101098,0.307999,0,0,0
10,101098,0.309999,0,0,0
10,101098,0.311999,0,0,0
10,101098,0.313999,0,0,0
10,101098,0.315999,0,0,0
10,101098,0.317999,0,0,0
10,101098,0.319999,0,0,0
10,101098,0.321999,0,0,0
10,101098,0.323999,0,0,0
10,101098,0.325999,0,0,0
10,101098,0.327999,0,0,0
10,101098,0.329999,0,0,0
10,101098,0.331999,0,0,0
10,101098,0.333999,0,0,0
10,101098,0.335999,0,0,0
10,101098,0.337999,0,0,0
10,101098,0.339999,0,0,0
10,101098,0.341999,0,0,0
10,101098,0.343999,0,0,0
10,101098,0.345999,0,0,0
10,101098,0.347999,0,0,0
10,101098,0.349999,0,0,0
10,101098,0.351999,0,0,0
10,101098,0.353999,0,0,0
10,101098,0.355999,0,0,0
10,101098,0.357999,0,0,0
10,101098,0.359999,0,0,0
10,101098,0.361999,0,0,0
10,101098,0.363999,0,0,0
10,101098,0.365999,0,0,0
10,101098,0.367999,0,0,0
10,101098,0.369999,0,0,0
10,101098,0.371999,0,0,0
10,101098,0.373999,0,0,0
10,101098,0.375999,0,0,0
10,101098,0.377999,0,0,0
10,101098,0.379999,0,0,0
10,101098,0.381999,0,0,0
10,101098,0.383999,0,0,0
10,101098,0.385999,0,0,0
10,101098,0.387999,0,0,0
10,101098,0.389999,0,0,0
10,101098,0.391999,0,0,0
10,101098,0.393999,0,0,0
10,101098,0.395999,0,0,0
10,101098,0.397999,0,0,0
10,101098,0.399999,0,0,0
10,101098,0.401999,0,0,0
10,101098,0.403999,0,0,0
10,101098,0.405999,0,0,0
10,101098,0.407999,0,0,0
10,101098,0.409999,0,0,0
10,101098,0.411999,0,0,0
10,101098,0.413999,0,0,0
10,101098,0.415999,0,0,0
10,101098,0.417999,0,0,0
10,101098,0.419999,0,0,0
10,101098,0.421999,0,0,0
10,101098,0.423999,0,0,0
10,101098,0.425999,0,0,0
10,101098,0.427999,0,0,0
10,101098,0.429999,0,0,0
10,101098,0.431999,0,0,0
10,101098,0.433999,0,0,0
10,101098,0.435999,0,0,0
10,101098,0.437999,0,0,0
10,101098,0.439999,0,0,0
10,101098,0.441999,0,0,0
10,101098,0.443999,0,0,0
10,101098,0.445999,0,0,0
10,101098,0.447999,0,0,0
10,101098,0.449999,0,0,0
10,101098,0.451999,0,0,0
10,101098,0.453999,0,0,0
10,101098,0.455999,0,0,0
10,101098,0.457999,0,0,0
10,101098,0.459999,0,0,0
10,101098,0.461999,0,0,0
10,101098,0.463999,0,0,0
10,101098,0.465999,0,0,0
10,101098,0.467999,0,0,0
10,101098,0.469999,0,0,0
10,101098,0.471999,0,0,0
10,101098,0.473999,0,0,0
10,101098,0.475999,0,0,0
10,101098,0.477999,0,0,0
10,101098,0.479999,0,0,0
10,101098,0.481999,0,0,0
10,101098,0.483999,0,0,0
10,101098,0.485999,0,0,0
10,101098,0.487999,0,0,0
10,101098,0.489999,0,0,0
10,101098,0.491999,0,0,0
10,101098,0.493999,0,0,0
10,101098,0.495999,0,0,0
10,101098,0.497999,0,0,0
10,101098,0.499999,0,0,0
10,101098,0.501999,0,0,0
10,101098,0.503999,0,0,0
10,101098,0.505999,0,0,0
10,101098,0.507999,0,0,0
10,101098,0.509999,0,0,0
10,101098,0.511999,0,0,0
10,101098,0.513999,0,0,0
10,101098,0.515999,0,0,0
10,101098,0.517999,0,0,0
10,101098,0.519999,0,0,0
10,101098,0.521999,0,0,0
10,101098,0.523999,0,0,0
10,101098,0.525999,0,0,0
10,101098,0.527999,0,0,0
10,101098,0.529999,0,0,0
10,101098,0.531999,0,0,0
10,101098,0.533999,0,0,0
10,101098,0.535999,0,0,0
10,101098,0.537999,0,0,0
10,101098,0.539999,0,0,0
10,101098,0.541999,0,0,0
10,101098,0.543999,0,0,0
10,101098,0.545999,0,0,0
10,101098,0.547999,0,0,0
10,101098,0.549999,0,0,0
10,101098,0.551999,0,0,0
10,101098,0.553999,0,0,0
10,101098,0.555999,0,0,0
10,101098,0.557999,0,0,0
10,101098,0.559999,0,0,0
10,101098,0.561999,0,0,0
10,101098,0.563999,0,0,0
10,101098,0.565999,0,0,0
10,101098,0.567999,0,0,0
10,101098,0.569999,0,0,0
10,101098,0.571999,0,0,0
10,101098,0.573999,0,0,0
10,101098,0.575999,0,0,0
10,101098,0.577999,0,0,0
10,101098,0.579999,0,0,0
10,101098,0.581999,0,0,0
10,101098,0.583999,0,0,0
10,101098,0.585999,0,0,0
10,101098,0.587999,0,0,0
10,101098,0.589999,0,0,0
10,101098,0.591999,0,0,0
10,101098,0.593999,0,0,0
10,101098,0.595999,0,0,0
10,101098,0.597999,0,0,0
10,101098,0.599999,0,0,0
10,101098,0.601999,0,0,0
10,101098,0.603999,0,0,0
10,101098,0.605999,0,0,0
10,101098,0.607999,0,0,0
10,101098,0.609999,0,0,0
10,101098,0.611999,0,0,0
10,101098,0.613999,0,0,0
10,101098,0.615999,0,0,0
10,101098,0.617999,0,0,0
10,101098,0.619999,0,0,0
10,101098,0.621999,0,0,0
10,101098,0.623999,0,0,0
10,101098,0.625999,0,0,0
10,101098,0.627999,0,0,0
10,101098,0.629999,0,0,0
10,101098,0.631999,0,0,0
10,101098,0.633999,0,0,0
10,101098,0.635999,0,0,0
10,101098,0.637999,0,0,0
10,101098,0.639999,0,0,0
10,101098,0.641999,0,0,0
10,101098,0.643999,0,0,0
10,101098,0.645999,0,0,0
10,101098,0.647999,0,0,0
10,101098,0.649999,0,0,0
10,101098,0.651999,0,0,0
10,101098,0.653999,0,0,0
10,101098,0.655999,0,0,0
10,101098,0.657999,0,0,0
10,101098,0.659999,0,0,0
10,101098,0.661999,0,0,0
10,101098,0.663999,0,0,0
10,101098,0.665999,0,0,0
10,101098,0.667999,0,0,0
10,101098,0.669999,0,0,0
10,101098,0.671999,0,0,0
10,101098,0.673999,0,0,0
10,101098,0.675999,0,0,0
10,101098,0.677999,0,0,0
10,101098,0.679999,0,0,0
10,101098,0.681999,0,0,0
10,101098,0.683999,0,0,0
10,101098,0.685999,0,0,0
10,101098,0.687999,0,0,0
10,101098,0.689999,0,0,0
10,101098,0.691999,0,0,0
10,101098,0.693999,0,0,0
10,101098,0.695999,0,0,0
10,101098,0.697999,0,0,0
10,101098,0.699999,0,0,0
10,101098,0.701999,0,0,0
10,101098,0.703999,0,0,0
10,101098,0.705999,0,0,0
10,101098,0.707999,0,0,0
10,101098,0.709999,0,0,0
10,101098,0.711999,0,0,0
10,101098,0.713999,0,0,0
10,101098,0.715999,0,0,0
10,101098,0.717999,0,0,0
10,101098,0.719999,0,0,0
10,101098,0.721999,0,0,0
10,101098,0.723999,0,0,0
10,101098,0.725999,0,0,0
10,101098,0.727999,0,0,0
10,101098,0.729999,0,0,0
10,101098,0.731999,0,0,0
10,101098,0.733999,0,0,0
10,101098,0.735999,0,0,0
10,101098,0.737999,0,0,0
10,101098,0.739999,0,0,0
10,101098,0.741999,0,0,0
10,101098,0.743999,0,0,0
10,101098,0.745999,0,0,0
10,101098,0.747999,0,0,0
10,101098,0.749999,0,0,0
10,101098,0.751999,0,0,0
10,101098,0.753999,0,0,0
10,101098,0.755999,0,0,0
10,101098,0.757999,0,0,0
10,101098,0.759999,0,0,0
10,101098,0.761999,0,0,0
10,101098,0.763999,0,0,0
10,101098,0.765999,0,0,0
10,101098,0.767999,0,0,0
10,101098,0.769999,0,0,0
10,101098,0.771999,0,0,0
10,101098,0.773999,0,0,0
10,101098,0.775999,0,0,0
10,101098,0.777999,0,0,0
10,101098,0.779999,0,0,0
10,101098,0.781999,0,0,0
10,101098,0.783999,0,0,0
10,101098,0.785999,0,0,0
10,101098,0.787999,0,0,0
10,101098,0.789999,0,0,0
10,101098,0.791999,0,0,0
10,101098,0.793999,0,0,0
10,101098,0.795999,0,0,0
10,101098,0.797999,0,0,0
10,101098,0.799999,0,0,0
10,101098,0.801999,0,0,0
10,101098,0.803999,0,0,0
10,101098,0.805999,0,0,0
10,101098,0.807999,0,0,0
10,101098,0.809999,0,0,0
10,101098,0.811999,0,0,0
10,101098,0.813999,0,0,0
10,101098,0.815999,0,0,0
10,101098,0.817999,0,0,0
10,101098,0.819999,0,0,0
10,101098,0.821999,0,0,0
10,101098,0.823999,0,0,0
10,101098,0.825999,0,0,0
10,101098,0.827999,0,0,0
10,101098,0.829999,0,0,0
10,101098,0.831999,0,0,0
10,101098,0.833999,0,0,0
10,101098,0.835999,0,0,0
10,101098,0.837999,0,0,0
10,101098,0.839999,0,0,0
10,101098,0.841999,0,0,0
10,101098,0.843999,0,0,0
10,101098,0.845999,0,0,0
10,101098,0.847999,0,0,0
10,101098,0.849999,0,0,0
10,101098,0.851999,0,0,0
10,101098,0.853999,0,0,0
10,101098,0.855999,0,0,0
10,101098,0.857999,0,0,0
10,101098,0.859999,0,0,0
10,101098,0.861999,0,0,0
10,101098,0.863999,0,0,0
10,101098,0.865999,0,0,0
10,101098,0.867999,0,0,0
10,101098,0.869999,0,0,0
10,101098,0.871999,0,0,0
10,101098,0.873999,0,0,0
10,101098,0.875999,0,0,0
10,101098,0.877999,0,0,0
10,101098,0.879999,0,0,0
10,101098,0.881999,0,0,0
10,101098,0.883999,0,0,0
10,101098,0.885999,0,0,0
10,101098,0.887999,0,0,0
10,101098,0.889999,0,0,0
10,101098,0.891999,0,0,0
10,101098,0.893999,0,0,0
10,101098,0.895999,0,0,0
10,101098,0.897999,0,0,0
10,101098,0.899999,0,0,0
10,101098,0.901999,0,0,0
10,101098,0.903999,0,0,0
10,101098,0.905999,0,0,0
10,101098,0.907999,0,0,0
10,101098,0.909999,0,0,0
10,101098,0.911999,0,0,0
10,101098,0.913999,0,0,0
10,101098,0.915999,0,0,0
10,101098,0.917999,0,0,0
10,101098,0.919999,0,0,0
10,101098,0.921999,0,0,0
10,101098,0.923999,0,0,0
10,101098,0.925999,0,0,0
10,101098,0.927999,0,0,0
10,101098,0.929999,0,0,0
10,101098,0.931999,0,0,0
10,101098,0.933999,0,0,0
10,101098,0.935999,0,0,0
10,101098,0.937999,0,0,0
10,101098,0.939999,0,0,0
10,101098,0.941999,0,0,0
10,101098,0.943999,0,0,0
10,101098,0.945999,0,0,0
10,101098,0.947999,0,0,0
10,101098,0.949999,0,0,0
10,101098,0.951999,0,0,0
10,101098,0.953999,0,0,0
10,101098,0.955999,0,0,0
10,101098,0.957999,0,0,0
10,101098,0.959999,0,0,0
10,101098,0.961999,0,0,0
10,101098,0.963999,0,0,0
10,101098,0.965999,0,0,0
10,101098,0.967999,0,0,0
10,101098,0.969999,0,0,0
10,101098,0.971999,0,0,0
10,101098,0.973999,0,0,0
10,101098,0.975999,0,0,0
10,101098,0.977999,0,0,0
10,101098,0.979999,0,0,0
10,101098,0.981999,0,0,0
10,101098,0.983999,0,0,0
10,101098,0.985999,0,0,0
10,101098,0.987999,0,0,0
10,101098,0.989999,0,0,0
10,101098,0.991999,0,0,0
10,101098,0.993999,0,0,0
10,101098,0.995999,0,0,0
10,101098,0.997999,0,0,0
10,101098,0.999999,0,0,0
10,333,0.0,4,8,2
10,333,0.001999,0,0,0
10,333,0.003999,0,0,0
10,333,0.005999,0,0,0
10,333,0.007999,0,0,0
10,333,0.009999,0,0,0
10,333,0.011999,0,0,0
10,333,0.013999,0,0,0
10,333,0.015999,0,0,0
10,333,0.017999,1,2,2
10,333,0.019999,0,0,0
10,333,0.021999,0,0,0
10,333,0.023999,0,0,0
10,333,0.025999,0,0,0
10,333,0.027999,1,2,2
10,333,0.029999,0,0,0
10,333,0.031999,0,0,0
10,333,0.033999,0,0,0
10,333,0.035999,0,0,0
10,333,0.037999,0,0,0
10,333,0.039999,0,0,0
10,333,0.041999,0,0,0
10,333,0.043999,0,0,0
10,333,0.045999,0,0,0
10,333,0.047999,0,0,0
10,333,0.049999,0,0,0
10,333,0.051999,0,0,0
10,333,0.053999,0,0,0
10,333,0.055999,0,0,0
10,333,0.057999,0,0,0
10,333,0.059999,0,0,0
10,333,0.061999,0,0,0
10,333,0.063999,0,0,0
10,333,0.065999,0,0,0
10,333,0.067999,0,0,0
10,333,0.069999,0,0,0
10,333,0.071999,0,0,0
10,333,0.073999,0,0,0
10,333,0.075999,0,0,0
10,333,0.077999,0,0,0
10,333,0.079999,0,0,0
10,333,0.081999,1,2,2
10,333,0.083999,0,0,0
10,333,0.085999,0,0,0
10,333,0.087999,0,0,0
10,333,0.089999,0,0,0
10,333,0.091999,0,0,0
10,333,0.093999,0,0,0
10,333,0.095999,0,0,0
10,333,0.097999,0,0,0
10,333,0.099999,0,0,0
10,333,0.101999,0,0,0
10,333,0.103999,0,0,0
10,333,0.105999,0,0,0
10,333,0.107999,0,0,0
10,333,0.109999,0,0,0
10,333,0.111999,0,0,0
10,333,0.113999,0,0,0
10,333,0.115999,0,0,0
10,333,0.117999,0,0,0
10,333,0.119999,0,0,0
10,333,0.121999,0,0,0
10,333,0.123999,0,0,0
10,333,0.125999,0,0,0
10,333,0.127999,0,0,0
10,333,0.129999,0,0,0
10,333,0.131999,0,0,0
10,333,0.133999,0,0,0
10,333,0.135999,0,0,0
10,333,0.137999,0,0,0
10,333,0.139999,0,0,0
10,333,0.141999,0,0,0
10,333,0.143999,0,0,0
10,333,0.145999,0,0,0
10,333,0.147999,0,0,0
10,333,0.149999,0,0,0
10,333,0.151999,0,0,0
10,333,0.153999,0,0,0
10,333,0.155999,0,0,0
10,333,0.157999,0,0,0
10,333,0.159999,0,0,0
10,333,0.161999,0,0,0
10,333,0.163999,0,0,0
10,333,0.165999,0,0,0
10,333,0.167999,0,0,0
10,333,0.169999,0,0,0
10,333,0.171999,0,0,0
10,333,0.173999,0,0,0
10,333,0.175999,0,0,0
10,333,0.177999,0,0,0
10,333,0.179999,0,0,0
10,333,0.181999,0,0,0
10,333,0.183999,0,0,0
10,333,0.185999,0,0,0
10,333,0.187999,0,0,0
10,333,0.189999,0,0,0
10,333,0.191999,0,0,0
10,333,0.193999,0,0,0
10,333,0.195999,0,0,0
10,333,0.197999,0,0,0
10,333,0.199999,0,0,0
10,333,0.201999,0,0,0
10,333,0.203999,0,0,0
10,333,0.205999,0,0,0
10,333,0.207999,0,0,0
10,333,0.209999,0,0,0
10,333,0.211999,0,0,0
10,333,0.213999,0,0,0
10,333,0.215999,0,0,0
10,333,0.217999,0,0,0
10,333,0.219999,0,0,0
10,333,0.221999,0,0,0
10,333,0.223999,0,0,0
10,333,0.225999,0,0,0
10,333,0.227999,0,0,0
10,333,0.229999,0,0,0
10,333,0.231999,0,0,0
10,333,0.233999,0,0,0
10,333,0.235999,0,0,0
10,333,0.237999,0,0,0
10,333,0.239999,0,0,0
10,333,0.241999,0,0,0
10,333,0.243999,0,0,0
10,333,0.245999,0,0,0
10,333,0.247999,0,0,0
10,333,0.249999,0,0,0
10,333,0.251999,0,0,0
10,333,0.253999,0,0,0
10,333,0.255999,0,0,0
10,333,0.257999,0,0,0
10,333,0.259999,0,0,0
10,333,0.261999,0,0,0
10,333,0.263999,0,0,0
10,333,0.265999,0,0,0
10,333,0.267999,0,0,0
10,333,0.269999,0,0,0
10,333,0.271999,0,0,0
10,333,0.273999,0,0,0
10,333,0.275999,0,0,0
10,333,0.277999,0,0,0
10,333,0.279999,0,0,0
10,333,0.281999,0,0,0
10,333,0.283999,0,0,0
10,333,0.285999,0,0,0
10,333,0.287999,0,0,0
10,333,0.289999,0,0,0
10,333,0.291999,0,0,0
10,333,0.293999,0,0,0
10,333,0.295999,0,0,0
10,333,0.297999,0,0,0
10,333,0.299999,0,0,0
10,333,0.301999,0,0,0
10,333,0.303999,0,0,0
10,333,0.305999,0,0,0
10,333,0.307999,0,0,0
10,333,0.309999,0,0,0
10,333,0.311999,0,0,0
10,333,0.313999,0,0,0
10,333,0.315999,0,0,0
10,333,0.317999,0,0,0
10,333,0.319999,0,0,0
10,333,0.321999,0,0,0
10,333,0.323999,0,0,0
10,333,0.325999,0,0,0
10,333,0.327999,0,0,0
10,333,0.329999,0,0,0
10,333,0.331999,0,0,0
10,333,0.333999,0,0,0
10,333,0.335999,0,0,0
10,333,0.337999,0,0,0
10,333,0.339999,0,0,0
10,333,0.341999,0,0,0
10,333,0.343999,0,0,0
10,333,0.345999,0,0,0
10,333,0.347999,0,0,0
10,333,0.349999,0,0,0
10,333,0.351999,0,0,0
10,333,0.353999,0,0,0
10,333,0.355999,0,0,0
10,333,0.357999,0,0,0
10,333,0.359999,0,0,0
10,333,0.361999,0,0,0
10,333,0.363999,0,0,0
10,333,0.365999,0,0,0
10,333,0.367999,0,0,0
10,333,0.369999,0,0,0
10,333,0.371999,0,0,0
10,333,0.373999,0,0,0
10,333,0.375999,0,0,0
10,333,0.377999,0,0,0
10,333,0.379999,0,0,0
10,333,0.381999,0,0,0
10,333,0.383999,0,0,0
10,333,0.385999,0,0,0
10,333,0.387999,0,0,0
10,333,0.389999,0,0,0
10,333,0.391999,0,0,0
10,333,0.393999,0,0,0
10,333,0.395999,0,0,0
10,333,0.397999,0,0,0
10,333,0.399999,0,0,0
10,333,0.401999,0,0,0
10,333,0.403999,0,0,0
10,333,0.405999,0,0,0
10,333,0.407999,0,0,0
10,333,0.409999,0,0,0
10,333,0.411999,0,0,0
10,333,0.413999,0,0,0
10,333,0.415999,0,0,0
10,333,0.417999,0,0,0
10,333,0.419999,0,0,0
10,333,0.421999,0,0,0
10,333,0.423999,0,0,0
10,333,0.425999,0,0,0
10,333,0.427999,0,0,0
10,333,0.429999,0,0,0
10,333,0.431999,0,0,0
10,333,0.433999,0,0,0
10,333,0.435999,0,0,0
10,333,0.437999,0,0,0
10,333,0.439999,0,0,0
10,333,0.441999,0,0,0
10,333,0.443999,0,0,0
10,333,0.445999,0,0,0
10,333,0.447999,0,0,0
10,333,0.449999,0,0,0
10,333,0.451999,0,0,0
10,333,0.453999,0,0,0
10,333,0.455999,0,0,0
10,333,0.457999,0,0,0
10,333,0.459999,0,0,0
10,333,0.461999,0,0,0
10,333,0.463999,0,0,0
10,333,0.465999,0,0,0
10,333,0.467999,0,0,0
10,333,0.469999,0,0,0
10,333,0.471999,0,0,0
10,333,0.473999,0,0,0
10,333,0.475999,0,0,0
10,333,0.477999,0,0,0
10,333,0.479999,0,0,0
10,333,0.481999,0,0,0
10,333,0.483999,0,0,0
10,333,0.485999,0,0,0
10,333,0.487999,0,0,0
10,333,0.489999,0,0,0
10,333,0.491999,0,0,0
10,333,0.493999,0,0,0
10,333,0.495999,0,0,0
10,333,0.497999,0,0,0
10,333,0.499999,0,0,0
10,333,0.501999,0,0,0
10,333,0.503999,0,0,0
10,333,0.505999,0,0,0
10,333,0.507999,0,0,0
10,333,0.509999,0,0,0
10,333,0.511999,0,0,0
10,333,0.513999,0,0,0
10,333,0.515999,0,0,0
10,333,0.517999,0,0,0
10,333,0.519999,0,0,0
10,333,0.521999,0,0,0
10,333,0.523999,0,0,0
10,333,0.525999,0,0,0
10,333,0.527999,0,0,0
10,333,0.529999,0,0,0
10,333,0.531999,0,0,0
10,333,0.533999,0,0,0
10,333,0.535999,0,0,0
10,333,0.537999,0,0,0
10,333,0.539999,0,0,0
10,333,0.541999,0,0,0
10,333,0.543999,0,0,0
10,333,0.545999,0,0,0
10,333,0.547999,0,0,0
10,333,0.549999,0,0,0
10,333,0.551999,0,0,0
10,333,0.553999,0,0,0
10,333,0.555999,0,0,0
10,333,0.557999,0,0,0
10,333,0.559999,0,0,0
10,333,0.561999,0,0,0
10,333,0.563999,0,0,0
10,333,0.565999,0,0,0
10,333,0.567999,0,0,0
10,333,0.569999,0,0,0
10,333,0.571999,0,0,0
10,333,0.573999,0,0,0
10,333,0.575999,0,0,0
10,333,0.577999,0,0,0
10,333,0.579999,0,0,0
10,333,0.581999,0,0,0
10,333,0.583999,0,0,0
10,333,0.585999,0,0,0
10,333,0.587999,0,0,0
10,333,0.589999,0,0,0
10,333,0.591999,0,0,0
10,333,0.593999,0,0,0
10,333,0.595999,0,0,0
10,333,0.597999,0,0,0
10,333,0.599999,0,0,0
10,333,0.601999,0,0,0
10,333,0.603999,0,0,0
10,333,0.605999,0,0,0
10,333,0.607999,0,0,0
10,333,0.609999,0,0,0
10,333,0.611999,0,0,0
10,333,0.613999,0,0,0
10,333,0.615999,0,0,0
10,333,0.617999,0,0,0
10,333,0.619999,0,0,0
10,333,0.621999,0,0,0
10,333,0.623999,0,0,0
10,333,0.625999,0,0,0
10,333,0.627999,0,0,0
10,333,0.629999,0,0,0
10,333,0.631999,0,0,0
10,333,0.633999,0,0,0
10,333,0.635999,0,0,0
10,333,0.637999,0,0,0
10,333,0.639999,0,0,0
10,333,0.641999,0,0,0
10,333,0.643999,0,0,0
10,333,0.645999,0,0,0
10,333,0.647999,0,0,0
10,333,0.649999,0,0,0
10,333,0.651999,0,0,0
10,333,0.653999,0,0,0
10,333,0.655999,0,0,0
10,333,0.657999,0,0,0
10,333,0.659999,0,0,0
10,333,0.661999,0,0,0
10,333,0.663999,0,0,0
10,333,0.665999,0,0,0
10,333,0.667999,0,0,0
10,333,0.669999,0,0,0
10,333,0.671999,0,0,0
10,333,0.673999,0,0,0
10,333,0.675999,0,0,0
10,333,0.677999,0,0,0
10,333,0.679999,0,0,0
10,333,0.681999,0,0,0
10,333,0.683999,0,0,0
10,333,0.685999,0,0,0
10,333,0.687999,0,0,0
10,333,0.689999,0,0,0
10,333,0.691999,0,0,0
10,333,0.693999,0,0,0
10,333,0.695999,0,0,0
10,333,0.697999,0,0,0
10,333,0.699999,0,0,0
10,333,0.701999,0,0,0
10,333,0.703999,0,0,0
10,333,0.705999,0,0,0
10,333,0.707999,0,0,0
10,333,0.709999,0,0,0
10,333,0.711999,0,0,0
10,333,0.713999,0,0,0
10,333,0.715999,0,0,0
10,333,0.717999,0,0,0
10,333,0.719999,0,0,0
10,333,0.721999,0,0,0
10,333,0.723999,0,0,0
10,333,0.725999,0,0,0
10,333,0.727999,0,0,0
10,333,0.729999,0,0,0
10,333,0.731999,0,0,0
10,333,0.733999,0,0,0
10,333,0.735999,0,0,0
10,333,0.737999,0,0,0
10,333,0.739999,0,0,0
10,333,0.741999,0,0,0
10,333,0.743999,0,0,0
10,333,0.745999,0,0,0
10,333,0.747999,0,0,0
10,333,0.749999,0,0,0
10,333,0.751999,0,0,0
10,333,0.753999,0,0,0
10,333,0.755999,0,0,0
10,333,0.757999,0,0,0
10,333,0.759999,0,0,0
10,333,0.761999,0,0,0
10,333,0.763999,0,0,0
10,333,0.765999,0,0,0
10,333,0.767999,0,0,0
10,333,0.769999,0,0,0
10,333,0.771999,0,0,0
10,333,0.773999,0,0,0
10,333,0.775999,0,0,0
10,333,0.777999,0,0,0
10,333,0.779999,0,0,0
10,333,0.781999,0,0,0
10,333,0.783999,0,0,0
10,333,0.785999,0,0,0
10,333,0.787999,0,0,0
10,333,0.789999,0,0,0
10,333,0.791999,0,0,0
10,333,0.793999,0,0,0
10,333,0.795999,0,0,0
10,333,0.797999,0,0,0
10,333,0.799999,0,0,0
10,333,0.801999,0,0,0
10,333,0.803999,0,0,0
10,333,0.805999,0,0,0
10,333,0.807999,0,0,0
10,333,0.809999,0,0,0
10,333,0.811999,0,0,0
10,333,0.813999,0,0,0
10,333,0.815999,0,0,0
10,333,0.817999,0,0,0
10,333,0.819999,0,0,0
10,333,0.821999,0,0,0
10,333,0.823999,0,0,0
10,333,0.825999,0,0,0
10,333,0.827999,0,0,0
10,333,0.829999,0,0,0
10,333,0.831999,0,0,0
10,333,0.833999,0,0,0
10,333,0.835999,0,0,0
10,333,0.837999,0,0,0
10,333,0.839999,0,0,0
10,333,0.841999,0,0,0
10,333,0.843999,0,0,0
10,333,0.845999,0,0,0
10,333,0.847999,0,0,0
10,333,0.849999,0,0,0
10,333,0.851999,0,0,0
10,333,0.853999,0,0,0
10,333,0.855999,0,0,0
10,333,0.857999,0,0,0
10,333,0.859999,0,0,0
10,333,0.861999,0,0,0
10,333,0.863999,0,0,0
10,333,0.865999,0,0,0
10,333,0.867999,0,0,0
10,333,0.869999,0,0,0
10,333,0.871999,0,0,0
10,333,0.873999,0,0,0
10,333,0.875999,0,0,0
10,333,0.877999,0,0,0
10,333,0.879999,0,0,0
10,333,0.881999,0,0,0
10,333,0.883999,0,0,0
10,333,0.885999,0,0,0
10,333,0.887999,0,0,0
10,333,0.889999,0,0,0
10,333,0.891999,0,0,0
10,333,0.893999,0,0,0
10,333,0.895999,0,0,0
10,333,0.897999,0,0,0
10,333,0.899999,0,0,0
10,333,0.901999,0,0,0
10,333,0.903999,0,0,0
10,333,0.905999,0,0,0
10,333,0.907999,0,0,0
10,333,0.909999,0,0,0
10,333,0.911999,0,0,0
10,333,0.913999,0,0,0
10,333,0.915999,0,0,0
10,333,0.917999,0,0,0
10,333,0.919999,0,0,0
10,333,0.921999,0,0,0
10,333,0.923999,0,0,0
10,333,0.925999,0,0,0
10,333,0.927999,0,0,0
10,333,0.929999,0,0,0
10,333,0.931999,0,0,0
10,333,0.933999,0,0,0
10,333,0.935999,0,0,0
10,333,0.937999,0,0,0
10,333,0.939999,0,0,0
10,333,0.941999,0,0,0
10,333,0.943999,0,0,0
10,333,0.945999,0,0,0
10,333,0.947999,0,0,0
10,333,0.949999,0,0,0
10,333,0.951999,0,0,0
10,333,0.953999,0,0,0
10,333,0.955999,0,0,0
10,333,0.957999,0,0,0
10,333,0.959999,0,0,0
10,333,0.961999,0,0,0
10,333,0.963999,0,0,0
10,333,0.965999,0,0,0
10,333,0.967999,0,0,0
10,333,0.969999,0,0,0
10,333,0.971999,0,0,0
10,333,0.973999,0,0,0
10,333,0.975999,0,0,0
10,333,0.977999,0,0,0
10,333,0.979999,0,0,0
10,333,0.981999,0,0,0
10,333,0.983999,0,0,0
10,333,0.985999,0,0,0
10,333,0.987999,0,0,0
10,333,0.989999,0,0,0
10,333,0.991999,0,0,0
10,333,0.993999,0,0,0
10,333,0.995999,0,0,0
10,333,0.997999,0,0,0
10,333,0.999999,0,0,0
10,112233,0.0,2,4,2
10,112233,0.001999,1,2,2
10,112233,0.003999,0,0,0
10,112233,0.005999,0,0,0
10,112233,0.007999,0,0,0
10,112233,0.009999,0,0,0
10,112233,0.011999,0,0,0
10,112233,0.013999,0,0,0
10,112233,0.015999,0,0,0
10,112233,0.017999,0,0,0
10,112233,0.019999,0,0,0
10,112233,0.021999,0,0,0
10,112233,0.023999,0,0,0
10,112233,0.025999,0,0,0
10,112233,0.027999,0,0,0
10,112233,0.029999,0,0,0
10,112233,0.031999,0,0,0
10,112233,0.033999,0,0,0
10,112233,0.035999,0,0,0
10,112233,0.037999,0,0,0
10,112233,0.039999,0,0,0
10,112233,0.041999,0,0,0
10,112233,0.043999,0,0,0
10,112233,0.045999,0,0,0
10,112233,0.047999,0,0,0
10,112233,0.049999,0,0,0
10,112233,0.051999,0,0,0
10,112233,0.053999,0,0,0
10,112233,0.055999,0,0,0
10,112233,0.057999,0,0,0
10,112233,0.059999,0,0,0
10,112233,0.061999,0,0,0
10,112233,0.063999,0,0,0
10,112233,0.065999,0,0,0
10,112233,0.067999,0,0,0
10,112233,0.069999,0,0,0
10,112233,0.071999,0,0,0
10,112233,0.073999,0,0,0
10,112233,0.075999,0,0,0
10,112233,0.077999,0,0,0
10,112233,0.079999,0,0,0
10,112233,0.081999,0,0,0
10,112233,0.083999,0,0,0
10,112233,0.085999,0,0,0
10,112233,0.087999,0,0,0
10,112233,0.089999,0,0,0
10,112233,0.091999,0,0,0
10,112233,0.093999,0,0,0
10,112233,0.095999,0,0,0
10,112233,0.097999,0,0,0
10,112233,0.099999,0,0,0
10,112233,0.101999,0,0,0
10,112233,0.103999,0,0,0
10,112233,0.105999,0,0,0
10,112233,0.107999,0,0,0
10,112233,0.109999,0,0,0
10,112233,0.111999,0,0,0
10,112233,0.113999,0,0,0
10,112233,0.115999,0,0,0
10,112233,0.117999,0,0,0
10,112233,0.119999,0,0,0
10,112233,0.121999,0,0,0
10,112233,0.123999,0,0,0
10,112233,0.125999,0,0,0
10,112233,0.127999,0,0,0
10,112233,0.129999,0,0,0
10,112233,0.131999,0,0,0
10,112233,0.133999,0,0,0
10,112233,0.135999,0,0,0
10,112233,0.137999,0,0,0
10,112233,0.139999,0,0,0
10,112233,0.141999,0,0,0
10,112233,0.143999,0,0,0
10,112233,0.145999,0,0,0
10,112233,0.147999,0,0,0
10,112233,0.149999,0,0,0
10,112233,0.151999,0,0,0
10,112233,0.153999,0,0,0
10,112233,0.155999,0,0,0
10,112233,0.157999,0,0,0
10,112233,0.159999,0,0,0
10,112233,0.161999,0,0,0
10,112233,0.163999,0,0,0
10,112233,0.165999,0,0,0
10,112233,0.167999,0,0,0
10,112233,0.169999,1,2,2
10,112233,0.171999,0,0,0
10,112233,0.173999,0,0,0
10,112233,0.175999,0,0,0
10,112233,0.177999,0,0,0
10,112233,0.179999,0,0,0
10,112233,0.181999,0,0,0
10,112233,0.183999,0,0,0
10,112233,0.185999,0,0,0
10,112233,0.187999,0,0,0
10,112233,0.189999,0,0,0
10,112233,0.191999,0,0,0
10,112233,0.193999,0,0,0
10,112233,0.195999,0,0,0
10,112233,0.197999,0,0,0
10,112233,0.199999,0,0,0
10,112233,0.201999,0,0,0
10,112233,0.203999,0,0,0
10,112233,0.205999,0,0,0
10,112233,0.207999,0,0,0
10,112233,0.209999,0,0,0
10,112233,0.211999,0,0,0
10,112233,0.213999,0,0,0
10,112233,0.215999,0,0,0
10,112233,0.217999,0,0,0
10,112233,0.219999,0,0,0
10,112233,0.221999,0,0,0
10,112233,0.223999,0,0,0
10,112233,0.225999,0,0,0
10,112233,0.227999,0,0,0
10,112233,0.229999,0,0,0
10,112233,0.231999,0,0,0
10,112233,0.233999,0,0,0
10,112233,0.235999,0,0,0
10,112233,0.237999,0,0,0
10,112233,0.239999,0,0,0
10,112233,0.241999,0,0,0
10,112233,0.243999,0,0,0
10,112233,0.245999,0,0,0
10,112233,0.247999,0,0,0
10,112233,0.249999,0,0,0
10,112233,0.251999,0,0,0
10,112233,0.253999,0,0,0
10,112233,0.255999,0,0,0
10,112233,0.257999,0,0,0
10,112233,0.259999,0,0,0
10,112233,0.261999,0,0,0
10,112233,0.263999,0,0,0
10,112233,0.265999,0,0,0
10,112233,0.267999,0,0,0
10,112233,0.269999,0,0,0
10,112233,0.271999,0,0,0
10,112233,0.273999,0,0,0
10,112233,0.275999,0,0,0
10,112233,0.277999,0,0,0
10,112233,0.279999,0,0,0
10,112233,0.281999,0,0,0
10,112233,0.283999,0,0,0
10,112233,0.285999,0,0,0
10,112233,0.287999,0,0,0
10,112233,0.289999,0,0,0
10,112233,0.291999,0,0,0
10,112233,0.293999,0,0,0
10,112233,0.295999,0,0,0
10,112233,0.297999,0,0,0
10,112233,0.299999,0,0,0
10,112233,0.301999,0,0,0
10,112233,0.303999,0,0,0
10,112233,0.305999,0,0,0
10,112233,0.307999,0,0,0
10,112233,0.309999,0,0,0
10,112233,0.311999,0,0,0
10,112233,0.313999,0,0,0
10,112233,0.315999,0,0,0
10,112233,0.317999,0,0,0
10,112233,0.319999,0,0,0
10,112233,0.321999,0,0,0
10,112233,0.323999,0,0,0
10,112233,0.325999,0,0,0
10,112233,0.327999,0,0,0
10,112233,0.329999,0,0,0
10,112233,0.331999,0,0,0
10,112233,0.333999,0,0,0
10,112233,0.335999,0,0,0
10,112233,0.337999,0,0,0
10,112233,0.339999,0,0,0
10,112233,0.341999,0,0,0
10,112233,0.343999,0,0,0
10,112233,0.345999,0,0,0
10,112233,0.347999,0,0,0
10,112233,0.349999,0,0,0
10,112233,0.351999,0,0,0
10,112233,0.353999,0,0,0
10,112233,0.355999,0,0,0
10,112233,0.357999,0,0,0
10,112233,0.359999,0,0,0
10,112233,0.361999,0,0,0
10,112233,0.363999,0,0,0
10,112233,0.365999,0,0,0
10,112233,0.367999,0,0,0
10,112233,0.369999,0,0,0
10,112233,0.371999,0,0,0
10,112233,0.373999,0,0,0
10,112233,0.375999,0,0,0
10,112233,0.377999,0,0,0
10,112233,0.379999,0,0,0
10,112233,0.381999,0,0,0
10,112233,0.383999,0,0,0
10,112233,0.385999,0,0,0
10,112233,0.387999,0,0,0
10,112233,0.389999,0,0,0
10,112233,0.391999,0,0,0
10,112233,0.393999,0,0,0
10,112233,0.395999,0,0,0
10,112233,0.397999,0,0,0
10,112233,0.399999,0,0,0
10,112233,0.401999,0,0,0
10,112233,0.403999,0,0,0
10,112233,0.405999,0,0,0
10,112233,0.407999,0,0,0
10,112233,0.409999,0,0,0
10,112233,0.411999,0,0,0
10,112233,0.413999,0,0,0
10,112233,0.415999,0,0,0
10,112233,0.417999,0,0,0
10,112233,0.419999,0,0,0
10,112233,0.421999,0,0,0
10,112233,0.423999,0,0,0
10,112233,0.425999,0,0,0
10,112233,0.427999,0,0,0
10,112233,0.429999,0,0,0
10,112233,0.431999,0,0,0
10,112233,0.433999,0,0,0
10,112233,0.435999,0,0,0
10,112233,0.437999,0,0,0
10,112233,0.439999,0,0,0
10,112233,0.441999,0,0,0
10,112233,0.443999,0,0,0
10,112233,0.445999,0,0,0
10,112233,0.447999,0,0,0
10,112233,0.449999,0,0,0
10,112233,0.451999,0,0,0
10,112233,0.453999,0,0,0
10,112233,0.455999,0,0,0
10,112233,0.457999,0,0,0
10,112233,0.459999,0,0,0
10,112233,0.461999,0,0,0
10,112233,0.463999,0,0,0
10,112233,0.465999,0,0,0
10,112233,0.467999,0,0,0
10,112233,0.469999,0,0,0
10,112233,0.471999,0,0,0
10,112233,0.473999,0,0,0
10,112233,0.475999,0,0,0
10,112233,0.477999,0,0,0
10,112233,0.479999,0,0,0
10,112233,0.481999,0,0,0
10,112233,0.483999,0,0,0
10,112233,0.485999,0,0,0
10,112233,0.487999,0,0,0
10,112233,0.489999,0,0,0
10,112233,0.491999,0,0,0
10,112233,0.493999,0,0,0
10,112233,0.495999,0,0,0
10,112233,0.497999,0,0,0
10,112233,0.499999,0,0,0
10,112233,0.501999,0,0,0
10,112233,0.503999,0,0,0
10,112233,0.505999,0,0,0
10,112233,0.507999,0,0,0
10,112233,0.509999,0,0,0
10,112233,0.511999,0,0,0
10,112233,0.513999,0,0,0
10,112233,0.515999,0,0,0
10,112233,0.517999,0,0,0
10,112233,0.519999,0,0,0
10,112233,0.521999,0,0,0
10,112233,0.523999,0,0,0
10,112233,0.525999,0,0,0
10,112233,0.527999,0,0,0
10,112233,0.529999,0,0,0
10,112233,0.531999,0,0,0
10,112233,0.533999,0,0,0
10,112233,0.535999,0,0,0
10,112233,0.537999,0,0,0
10,112233,0.539999,0,0,0
10,112233,0.541999,0,0,0
10,112233,0.543999,0,0,0
10,112233,0.545999,0,0,0
10,112233,0.547999,0,0,0
10,112233,0.549999,0,0,0
10,112233,0.551999,0,0,0
10,112233,0.553999,0,0,0
10,112233,0.555999,0,0,0
10,112233,0.557999,0,0,0
10,112233,0.559999,0,0,0
10,112233,0.561999,0,0,0
10,112233,0.563999,0,0,0
10,112233,0.565999,0,0,0
10,112233,0.567999,0,0,0
10,112233,0.569999,0,0,0
10,112233,0.571999,0,0,0
10,112233,0.573999,0,0,0
10,112233,0.575999,0,0,0
10,112233,0.577999,0,0,0
10,112233,0.579999,0,0,0
10,112233,0.581999,0,0,0
10,112233,0.583999,0,0,0
10,112233,0.585999,0,0,0
10,112233,0.587999,0,0,0
10,112233,0.589999,0,0,0
10,112233,0.591999,0,0,0
10,112233,0.593999,0,0,0
10,112233,0.595999,0,0,0
10,112233,0.597999,0,0,0
10,112233,0.599999,0,0,0
10,112233,0.601999,0,0,0
10,112233,0.603999,0,0,0
10,112233,0.605999,0,0,0
10,112233,0.607999,0,0,0
10,112233,0.609999,0,0,0
10,112233,0.611999,0,0,0
10,112233,0.613999,0,0,0
10,112233,0.615999,0,0,0
10,112233,0.617999,0,0,0
10,112233,0.619999,0,0,0
10,112233,0.621999,0,0,0
10,112233,0.623999,0,0,0
10,112233,0.625999,0,0,0
10,112233,0.627999,0,0,0
10,112233,0.629999,0,0,0
10,112233,0.631999,0,0,0
10,112233,0.633999,0,0,0
10,112233,0.635999,0,0,0
10,112233,0.637999,0,0,0
10,112233,0.639999,0,0,0
10,112233,0.641999,0,0,0
10,112233,0.643999,0,0,0
10,112233,0.645999,0,0,0
10,112233,0.647999,0,0,0
10,112233,0.649999,0,0,0
10,112233,0.651999,0,0,0
10,112233,0.653999,0,0,0
10,112233,0.655999,0,0,0
10,112233,0.657999,0,0,0
10,112233,0.659999,0,0,0
10,112233,0.661999,0,0,0
10,112233,0.663999,0,0,0
10,112233,0.665999,0,0,0
10,112233,0.667999,0,0,0
10,112233,0.669999,0,0,0
10,112233,0.671999,0,0,0
10,112233,0.673999,0,0,0
10,112233,0.675999,0,0,0
10,112233,0.677999,0,0,0
10,112233,0.679999,0,0,0
10,112233,0.681999,0,0,0
10,112233,0.683999,0,0,0
10,112233,0.685999,0,0,0
10,112233,0.687999,0,0,0
10,112233,0.689999,0,0,0
10,112233,0.691999,0,0,0
10,112233,0.693999,0,0,0
10,112233,0.695999,0,0,0
10,112233,0.697999,0,0,0
10,112233,0.699999,0,0,0
10,112233,0.701999,0,0,0
10,112233,0.703999,0,0,0
10,112233,0.705999,0,0,0
10,112233,0.707999,0,0,0
10,112233,0.709999,0,0,0
10,112233,0.711999,0,0,0
10,112233,0.713999,0,0,0
10,112233,0.715999,0,0,0
10,112233,0.717999,0,0,0
10,112233,0.719999,0,0,0
10,112233,0.721999,0,0,0
10,112233,0.723999,0,0,0
10,112233,0.725999,0,0,0
10,112233,0.727999,0,0,0
10,112233,0.729999,0,0,0
10,112233,0.731999,0,0,0
10,112233,0.733999,0,0,0
10,112233,0.735999,0,0,0
10,112233,0.737999,0,0,0
10,112233,0.739999,0,0,0
10,112233,0.741999,0,0,0
10,112233,0.743999,0,0,0
10,112233,0.745999,0,0,0
10,112233,0.747999,0,0,0
10,112233,0.749999,0,0,0
10,112233,0.751999,0,0,0
10,112233,0.753999,0,0,0
10,112233,0.755999,0,0,0
10,112233,0.757999,0,0,0
10,112233,0.759999,0,0,0
10,112233,0.761999,0,0,0
10,112233,0.763999,0,0,0
10,112233,0.765999,0,0,0
10,112233,0.767999,0,0,0
10,112233,0.769999,0,0,0
10,112233,0.771999,0,0,0
10,112233,0.773999,0,0,0
10,112233,0.775999,0,0,0
10,112233,0.777999,0,0,0
10,112233,0.779999,0,0,0
10,112233,0.781999,0,0,0
10,112233,0.783999,0,0,0
10,112233,0.785999,0,0,0
10,112233,0.787999,0,0,0
10,112233,0.789999,0,0,0
10,112233,0.791999,0,0,0
10,112233,0.793999,0,0,0
10,112233,0.795999,0,0,0
10,112233,0.797999,0,0,0
10,112233,0.799999,0,0,0
10,112233,0.801999,0,0,0
10,112233,0.803999,0,0,0
10,112233,0.805999,0,0,0
10,112233,0.807999,0,0,0
10,112233,0.809999,0,0,0
10,112233,0.811999,0,0,0
10,112233,0.813999,0,0,0
10,112233,0.815999,0,0,0
10,112233,0.817999,0,0,0
10,112233,0.819999,0,0,0
10,112233,0.821999,0,0,0
10,112233,0.823999,0,0,0
10,112233,0.825999,0,0,0
10,112233,0.827999,0,0,0
10,112233,0.829999,0,0,0
10,112233,0.831999,0,0,0
10,112233,0.833999,0,0,0
10,112233,0.835999,0,0,0
10,112233,0.837999,0,0,0
10,112233,0.839999,0,0,0
10,112233,0.841999,0,0,0
10,112233,0.843999,0,0,0
10,112233,0.845999,0,0,0
10,112233,0.847999,0,0,0
10,112233,0.849999,0,0,0
10,112233,0.851999,0,0,0
10,112233,0.853999,0,0,0
10,112233,0.855999,0,0,0
10,112233,0.857999,0,0,0
10,112233,0.859999,0,0,0
10,112233,0.861999,0,0,0
10,112233,0.863999,0,0,0
10,112233,0.865999,0,0,0
10,112233,0.867999,0,0,0
10,112233,0.869999,0,0,0
10,112233,0.871999,0,0,0
10,112233,0.873999,0,0,0
10,112233,0.875999,0,0,0
10,112233,0.877999,0,0,0
10,112233,0.879999,0,0,0
10,112233,0.881999,0,0,0
10,112233,0.883999,0,0,0
10,112233,0.885999,0,0,0
10,112233,0.887999,0,0,0
10,112233,0.889999,0,0,0
10,112233,0.891999,0,0,0
10,112233,0.893999,0,0,0
10,112233,0.895999,0,0,0
10,112233,0.897999,0,0,0
10,112233,0.899999,0,0,0
10,112233,0.901999,0,0,0
10,112233,0.903999,0,0,0
10,112233,0.905999,0,0,0
10,112233,0.907999,0,0,0
10,112233,0.909999,0,0,0
10,112233,0.911999,0,0,0
10,112233,0.913999,0,0,0
10,112233,0.915999,0,0,0
10,112233,0.917999,0,0,0
10,112233,0.919999,0,0,0
10,112233,0.921999,0,0,0
10,112233,0.923999,0,0,0
10,112233,0.925999,0,0,0
10,112233,0.927999,0,0,0
10,112233,0.929999,0,0,0
10,112233,0.931999,0,0,0
10,112233,0.933999,0,0,0
10,112233,0.935999,0,0,0
10,112233,0.937999,0,0,0
10,112233,0.939999,0,0,0
10,112233,0.941999,0,0,0
10,112233,0.943999,0,0,0
10,112233,0.945999,0,0,0
10,112233,0.947999,0,0,0
10,112233,0.949999,0,0,0
10,112233,0.951999,0,0,0
10,112233,0.953999,0,0,0
10,112233,0.955999,0,0,0
10,112233,0.957999,0,0,0
10,112233,0.959999,0,0,0
10,112233,0.961999,0,0,0
10,112233,0.963999,0,0,0
10,112233,0.965999,0,0,0
10,112233,0.967999,0,0,0
10,112233,0.969999,0,0,0
10,112233,0.971999,0,0,0
10,112233,0.973999,0,0,0
10,112233,0.975999,0,0,0
10,112233,0.977999,0,0,0
10,112233,0.979999,0,0,0
10,112233,0.981999,0,0,0
10,112233,0.983999,0,0,0
10,112233,0.985999,0,0,0
10,112233,0.987999,0,0,0
10,112233,0.989999,0,0,0
10,112233,0.991999,0,0,0
10,112233,0.993999,0,0,0
10,112233,0.995999,0,0,0
10,112233,0.997999,0,0,0
10,112233,0.999999,0,0,0
10,1337212,0.0,2,4,2
10,1337212,0.001999,1,2,2
10,1337212,0.003999,0,0,0
10,1337212,0.005999,0,0,0
10,1337212,0.007999,0,0,0
10,1337212,0.009999,0,0,0
10,1337212,0.011999,0,0,0
10,1337212,0.013999,0,0,0
10,1337212,0.015999,0,0,0
10,1337212,0.017999,0,0,0
10,1337212,0.019999,0,0,0
10,1337212,0.021999,0,0,0
10,1337212,0.023999,0,0,0
10,1337212,0.025999,0,0,0
10,1337212,0.027999,0,0,0
10,1337212,0.029999,0,0,0
10,1337212,0.031999,0,0,0
10,1337212,0.033999,0,0,0
10,1337212,0.035999,0,0,0
10,1337212,0.037999,0,0,0
10,1337212,0.039999,0,0,0
10,1337212,0.041999,0,0,0
10,1337212,0.043999,0,0,0
10,1337212,0.045999,0,0,0
10,1337212,0.047999,0,0,0
10,1337212,0.049999,0,0,0
10,1337212,0.051999,0,0,0
10,1337212,0.053999,0,0,0
10,1337212,0.055999,0,0,0
10,1337212,0.057999,0,0,0
10,1337212,0.059999,0,0,0
10,1337212,0.061999,0,0,0
10,1337212,0.063999,0,0,0
10,1337212,0.065999,0,0,0
10,1337212,0.067999,0,0,0
10,1337212,0.069999,0,0,0
10,1337212,0.071999,0,0,0
10,1337212,0.073999,0,0,0
10,1337212,0.075999,0,0,0
10,1337212,0.077999,0,0,0
10,1337212,0.079999,0,0,0
10,1337212,0.081999,0,0,0
10,1337212,0.083999,0,0,0
10,1337212,0.085999,0,0,0
10,1337212,0.087999,0,0,0
10,1337212,0.089999,0,0,0
10,1337212,0.091999,0,0,0
10,1337212,0.093999,0,0,0
10,1337212,0.095999,0,0,0
10,1337212,0.097999,0,0,0
10,1337212,0.099999,0,0,0
10,1337212,0.101999,0,0,0
10,1337212,0.103999,0,0,0
10,1337212,0.105999,0,0,0
10,1337212,0.107999,0,0,0
10,1337212,0.109999,0,0,0
10,1337212,0.111999,0,0,0
10,1337212,0.113999,0,0,0
10,1337212,0.115999,0,0,0
10,1337212,0.117999,0,0,0
10,1337212,0.119999,0,0,0
10,1337212,0.121999,0,0,0
10,1337212,0.123999,0,0,0
10,1337212,0.125999,0,0,0
10,1337212,0.127999,0,0,0
10,1337212,0.129999,0,0,0
10,1337212,0.131999,0,0,0
10,1337212,0.133999,0,0,0
10,1337212,0.135999,0,0,0
10,1337212,0.137999,0,0,0
10,1337212,0.139999,1,2,2
10,1337212,0.141999,1,2,2
10,1337212,0.143999,1,2,2
10,1337212,0.145999,1,2,2
10,1337212,0.147999,1,2,2
10,1337212,0.149999,1,2,2
10,1337212,0.151999,0,0,0
10,1337212,0.153999,0,0,0
10,1337212,0.155999,0,0,0
10,1337212,0.157999,0,0,0
10,1337212,0.159999,0,0,0
10,1337212,0.161999,0,0,0
10,1337212,0.163999,0,0,0
10,1337212,0.165999,0,0,0
10,1337212,0.167999,0,0,0
10,1337212,0.169999,0,0,0
10,1337212,0.171999,0,0,0
10,1337212,0.173999,0,0,0
10,1337212,0.175999,0,0,0
10,1337212,0.177999,0,0,0
10,1337212,0.179999,0,0,0
10,1337212,0.181999,0,0,0
10,1337212,0.183999,0,0,0
10,1337212,0.185999,0,0,0
10,1337212,0.187999,0,0,0
10,1337212,0.189999,0,0,0
10,1337212,0.191999,0,0,0
10,1337212,0.193999,0,0,0
10,1337212,0.195999,0,0,0
10,1337212,0.197999,0,0,0
10,1337212,0.199999,0,0,0
10,1337212,0.201999,0,0,0
10,1337212,0.203999,0,0,0
10,1337212,0.205999,0,0,0
10,1337212,0.207999,0,0,0
10,1337212,0.209999,0,0,0
10,1337212,0.211999,0,0,0
10,1337212,0.213999,0,0,0
10,1337212,0.215999,0,0,0
10,1337212,0.217999,0,0,0
10,1337212,0.219999,0,0,0
10,1337212,0.221999,0,0,0
10,1337212,0.223999,0,0,0
10,1337212,0.225999,0,0,0
10,1337212,0.227999,0,0,0
10,1337212,0.229999,0,0,0
10,1337212,0.231999,0,0,0
10,1337212,0.233999,0,0,0
10,1337212,0.235999,0,0,0
10,1337212,0.237999,0,0,0
10,1337212,0.239999,0,0,0
10,1337212,0.241999,0,0,0
10,1337212,0.243999,0,0,0
10,1337212,0.245999,0,0,0
10,1337212,0.247999,0,0,0
10,1337212,0.249999,0,0,0
10,1337212,0.251999,0,0,0
10,1337212,0.253999,0,0,0
10,1337212,0.255999,0,0,0
10,1337212,0.257999,0,0,0
10,1337212,0.259999,0,0,0
10,1337212,0.261999,0,0,0
10,1337212,0.263999,0,0,0
10,1337212,0.265999,0,0,0
10,1337212,0.267999,0,0,0
10,1337212,0.269999,0,0,0
10,1337212,0.271999,0,0,0
10,1337212,0.273999,0,0,0
10,1337212,0.275999,0,0,0
10,1337212,0.277999,0,0,0
10,1337212,0.279999,0,0,0
10,1337212,0.281999,0,0,0
10,1337212,0.283999,0,0,0
10,1337212,0.285999,0,0,0
10,1337212,0.287999,0,0,0
10,1337212,0.289999,0,0,0
10,1337212,0.291999,0,0,0
10,1337212,0.293999,0,0,0
10,1337212,0.295999,0,0,0
10,1337212,0.297999,0,0,0
10,1337212,0.299999,0,0,0
10,1337212,0.301999,0,0,0
10,1337212,0.303999,0,0,0
10,1337212,0.305999,0,0,0
10,1337212,0.307999,0,0,0
10,1337212,0.309999,0,0,0
10,1337212,0.311999,0,0,0
10,1337212,0.313999,0,0,0
10,1337212,0.315999,0,0,0
10,1337212,0.317999,0,0,0
10,1337212,0.319999,0,0,0
10,1337212,0.321999,0,0,0
10,1337212,0.323999,0,0,0
10,1337212,0.325999,0,0,0
10,1337212,0.327999,0,0,0
10,1337212,0.329999,0,0,0
10,1337212,0.331999,0,0,0
10,1337212,0.333999,0,0,0
10,1337212,0.335999,0,0,0
10,1337212,0.337999,0,0,0
10,1337212,0.339999,0,0,0
10,1337212,0.341999,0,0,0
10,1337212,0.343999,0,0,0
10,1337212,0.345999,0,0,0
10,1337212,0.347999,0,0,0
10,1337212,0.349999,0,0,0
10,1337212,0.351999,0,0,0
10,1337212,0.353999,0,0,0
10,1337212,0.355999,0,0,0
10,1337212,0.357999,0,0,0
10,1337212,0.359999,0,0,0
10,1337212,0.361999,0,0,0
10,1337212,0.363999,0,0,0
10,1337212,0.365999,0,0,0
10,1337212,0.367999,0,0,0
10,1337212,0.369999,0,0,0
10,1337212,0.371999,0,0,0
10,1337212,0.373999,0,0,0
10,1337212,0.375999,0,0,0
10,1337212,0.377999,0,0,0
10,1337212,0.379999,0,0,0
10,1337212,0.381999,0,0,0
10,1337212,0.383999,0,0,0
10,1337212,0.385999,0,0,0
10,1337212,0.387999,0,0,0
10,1337212,0.389999,0,0,0
10,1337212,0.391999,0,0,0
10,1337212,0.393999,0,0,0
10,1337212,0.395999,0,0,0
10,1337212,0.397999,0,0,0
10,1337212,0.399999,0,0,0
10,1337212,0.401999,0,0,0
10,1337212,0.403999,0,0,0
10,1337212,0.405999,0,0,0
10,1337212,0.407999,0,0,0
10,1337212,0.409999,0,0,0
10,1337212,0.411999,0,0,0
10,1337212,0.413999,0,0,0
10,1337212,0.415999,0,0,0
10,1337212,0.417999,0,0,0
10,1337212,0.419999,0,0,0
10,1337212,0.421999,0,0,0
10,1337212,0.423999,0,0,0
10,1337212,0.425999,0,0,0
10,1337212,0.427999,0,0,0
10,1337212,0.429999,0,0,0
10,1337212,0.431999,0,0,0
10,1337212,0.433999,0,0,0
10,1337212,0.435999,0,0,0
10,1337212,0.437999,0,0,0
10,1337212,0.439999,0,0,0
10,1337212,0.441999,0,0,0
10,1337212,0.443999,0,0,0
10,1337212,0.445999,0,0,0
10,1337212,0.447999,0,0,0
10,1337212,0.449999,0,0,0
10,1337212,0.451999,0,0,0
10,1337212,0.453999,0,0,0
10,1337212,0.455999,0,0,0
10,1337212,0.457999,0,0,0
10,1337212,0.459999,0,0,0
10,1337212,0.461999,0,0,0
10,1337212,0.463999,0,0,0
10,1337212,0.465999,0,0,0
10,1337212,0.467999,0,0,0
10,1337212,0.469999,0,0,0
10,1337212,0.471999,0,0,0
10,1337212,0.473999,0,0,0
10,1337212,0.475999,0,0,0
10,1337212,0.477999,0,0,0
10,1337212,0.479999,0,0,0
10,1337212,0.481999,0,0,0
10,1337212,0.483999,0,0,0
10,1337212,0.485999,0,0,0
10,1337212,0.487999,0,0,0
10,1337212,0.489999,0,0,0
10,1337212,0.491999,0,0,0
10,1337212,0.493999,0,0,0
10,1337212,0.495999,0,0,0
10,1337212,0.497999,0,0,0
10,1337212,0.499999,0,0,0
10,1337212,0.501999,0,0,0
10,1337212,0.503999,0,0,0
10,1337212,0.505999,0,0,0
10,1337212,0.507999,0,0,0
10,1337212,0.509999,0,0,0
10,1337212,0.511999,0,0,0
10,1337212,0.513999,0,0,0
10,1337212,0.515999,0,0,0
10,1337212,0.517999,0,0,0
10,1337212,0.519999,0,0,0
10,1337212,0.521999,0,0,0
10,1337212,0.523999,0,0,0
10,1337212,0.525999,0,0,0
10,1337212,0.527999,0,0,0
10,1337212,0.529999,0,0,0
10,1337212,0.531999,0,0,0
10,1337212,0.533999,0,0,0
10,1337212,0.535999,0,0,0
10,1337212,0.537999,0,0,0
10,1337212,0.539999,0,0,0
10,1337212,0.541999,0,0,0
10,1337212,0.543999,0,0,0
10,1337212,0.545999,0,0,0
10,1337212,0.547999,0,0,0
10,1337212,0.549999,0,0,0
10,1337212,0.551999,0,0,0
10,1337212,0.553999,0,0,0
10,1337212,0.555999,0,0,0
10,1337212,0.557999,0,0,0
10,1337212,0.559999,0,0,0
10,1337212,0.561999,0,0,0
10,1337212,0.563999,0,0,0
10,1337212,0.565999,0,0,0
10,1337212,0.567999,0,0,0
10,1337212,0.569999,0,0,0
10,1337212,0.571999,0,0,0
10,1337212,0.573999,0,0,0
10,1337212,0.575999,0,0,0
10,1337212,0.577999,0,0,0
10,1337212,0.579999,0,0,0
10,1337212,0.581999,0,0,0
10,1337212,0.583999,0,0,0
10,1337212,0.585999,0,0,0
10,1337212,0.587999,0,0,0
10,1337212,0.589999,0,0,0
10,1337212,0.591999,0,0,0
10,1337212,0.593999,0,0,0
10,1337212,0.595999,0,0,0
10,1337212,0.597999,0,0,0
10,1337212,0.599999,0,0,0
10,1337212,0.601999,0,0,0
10,1337212,0.603999,0,0,0
10,1337212,0.605999,0,0,0
10,1337212,0.607999,0,0,0
10,1337212,0.609999,0,0,0
10,1337212,0.611999,0,0,0
10,1337212,0.613999,0,0,0
10,1337212,0.615999,0,0,0
10,1337212,0.617999,0,0,0
10,1337212,0.619999,0,0,0
10,1337212,0.621999,0,0,0
10,1337212,0.623999,0,0,0
10,1337212,0.625999,0,0,0
10,1337212,0.627999,0,0,0
10,1337212,0.629999,0,0,0
10,1337212,0.631999,0,0,0
10,1337212,0.633999,0,0,0
10,1337212,0.635999,0,0,0
10,1337212,0.637999,0,0,0
10,1337212,0.639999,0,0,0
10,1337212,0.641999,0,0,0
10,1337212,0.643999,0,0,0
10,1337212,0.645999,0,0,0
10,1337212,0.647999,0,0,0
10,1337212,0.649999,0,0,0
10,1337212,0.651999,0,0,0
10,1337212,0.653999,0,0,0
10,1337212,0.655999,0,0,0
10,1337212,0.657999,0,0,0
10,1337212,0.659999,0,0,0
10,1337212,0.661999,0,0,0
10,1337212,0.663999,0,0,0
10,1337212,0.665999,0,0,0
10,1337212,0.667999,0,0,0
10,1337212,0.669999,0,0,0
10,1337212,0.671999,0,0,0
10,1337212,0.673999,0,0,0
10,1337212,0.675999,0,0,0
10,1337212,0.677999,0,0,0
10,1337212,0.679999,0,0,0
10,1337212,0.681999,0,0,0
10,1337212,0.683999,0,0,0
10,1337212,0.685999,0,0,0
10,1337212,0.687999,0,0,0
10,1337212,0.689999,0,0,0
10,1337212,0.691999,0,0,0
10,1337212,0.693999,0,0,0
10,1337212,0.695999,0,0,0
10,1337212,0.697999,0,0,0
10,1337212,0.699999,0,0,0
10,1337212,0.701999,0,0,0
10,1337212,0.703999,0,0,0
10,1337212,0.705999,0,0,0
10,1337212,0.707999,0,0,0
10,1337212,0.709999,0,0,0
10,1337212,0.711999,0,0,0
10,1337212,0.713999,0,0,0
10,1337212,0.715999,0,0,0
10,1337212,0.717999,0,0,0
10,1337212,0.719999,0,0,0
10,1337212,0.721999,0,0,0
10,1337212,0.723999,0,0,0
10,1337212,0.725999,0,0,0
10,1337212,0.727999,0,0,0
10,1337212,0.729999,0,0,0
10,1337212,0.731999,0,0,0
10,1337212,0.733999,0,0,0
10,1337212,0.735999,0,0,0
10,1337212,0.737999,0,0,0
10,1337212,0.739999,0,0,0
10,1337212,0.741999,0,0,0
10,1337212,0.743999,0,0,0
10,1337212,0.745999,0,0,0
10,1337212,0.747999,0,0,0
10,1337212,0.749999,0,0,0
10,1337212,0.751999,0,0,0
10,1337212,0.753999,0,0,0
10,1337212,0.755999,0,0,0
10,1337212,0.757999,0,0,0
10,1337212,0.759999,0,0,0
10,1337212,0.761999,0,0,0
10,1337212,0.763999,0,0,0
10,1337212,0.765999,0,0,0
10,1337212,0.767999,0,0,0
10,1337212,0.769999,0,0,0
10,1337212,0.771999,0,0,0
10,1337212,0.773999,0,0,0
10,1337212,0.775999,0,0,0
10,1337212,0.777999,0,0,0
10,1337212,0.779999,0,0,0
10,1337212,0.781999,0,0,0
10,1337212,0.783999,0,0,0
10,1337212,0.785999,0,0,0
10,1337212,0.787999,0,0,0
10,1337212,0.789999,0,0,0
10,1337212,0.791999,0,0,0
10,1337212,0.793999,0,0,0
10,1337212,0.795999,0,0,0
10,1337212,0.797999,0,0,0
10,1337212,0.799999,0,0,0
10,1337212,0.801999,0,0,0
10,1337212,0.803999,0,0,0
10,1337212,0.805999,0,0,0
10,1337212,0.807999,0,0,0
10,1337212,0.809999,0,0,0
10,1337212,0.811999,0,0,0
10,1337212,0.813999,0,0,0
10,1337212,0.815999,0,0,0
10,1337212,0.817999,0,0,0
10,1337212,0.819999,0,0,0
10,1337212,0.821999,0,0,0
10,1337212,0.823999,0,0,0
10,1337212,0.825999,0,0,0
10,1337212,0.827999,0,0,0
10,1337212,0.829999,0,0,0
10,1337212,0.831999,0,0,0
10,1337212,0.833999,0,0,0
10,1337212,0.835999,0,0,0
10,1337212,0.837999,0,0,0
10,1337212,0.839999,0,0,0
10,1337212,0.841999,0,0,0
10,1337212,0.843999,0,0,0
10,1337212,0.845999,0,0,0
10,1337212,0.847999,0,0,0
10,1337212,0.849999,0,0,0
10,1337212,0.851999,0,0,0
10,1337212,0.853999,0,0,0
10,1337212,0.855999,0,0,0
10,1337212,0.857999,0,0,0
10,1337212,0.859999,0,0,0
10,1337212,0.861999,0,0,0
10,1337212,0.863999,0,0,0
10,1337212,0.865999,0,0,0
10,1337212,0.867999,0,0,0
10,1337212,0.869999,0,0,0
10,1337212,0.871999,0,0,0
10,1337212,0.873999,0,0,0
10,1337212,0.875999,0,0,0
10,1337212,0.877999,0,0,0
10,1337212,0.879999,0,0,0
10,1337212,0.881999,0,0,0
10,1337212,0.883999,0,0,0
10,1337212,0.885999,0,0,0
10,1337212,0.887999,0,0,0
10,1337212,0.889999,0,0,0
10,1337212,0.891999,0,0,0
10,1337212,0.893999,0,0,0
10,1337212,0.895999,0,0,0
10,1337212,0.897999,0,0,0
10,1337212,0.899999,0,0,0
10,1337212,0.901999,0,0,0
10,1337212,0.903999,0,0,0
10,1337212,0.905999,0,0,0
10,1337212,0.907999,0,0,0
10,1337212,0.909999,0,0,0
10,1337212,0.911999,0,0,0
10,1337212,0.913999,0,0,0
10,1337212,0.915999,0,0,0
10,1337212,0.917999,0,0,0
10,1337212,0.919999,0,0,0
10,1337212,0.921999,0,0,0
10,1337212,0.923999,0,0,0
10,1337212,0.925999,0,0,0
10,1337212,0.927999,0,0,0
10,1337212,0.929999,0,0,0
10,1337212,0.931999,0,0,0
10,1337212,0.933999,0,0,0
10,1337212,0.935999,0,0,0
10,1337212,0.937999,0,0,0
10,1337212,0.939999,0,0,0
10,1337212,0.941999,0,0,0
10,1337212,0.943999,0,0,0
10,1337212,0.945999,0,0,0
10,1337212,0.947999,0,0,0
10,1337212,0.949999,0,0,0
10,1337212,0.951999,0,0,0
10,1337212,0.953999,0,0,0
10,1337212,0.955999,0,0,0
10,1337212,0.957999,0,0,0
10,1337212,0.959999,0,0,0
10,1337212,0.961999,0,0,0
10,1337212,0.963999,0,0,0
10,1337212,0.965999,0,0,0
10,1337212,0.967999,0,0,0
10,1337212,0.969999,0,0,0
10,1337212,0.971999,0,0,0
10,1337212,0.973999,0,0,0
10,1337212,0.975999,0,0,0
10,1337212,0.977999,0,0,0
10,1337212,0.979999,0,0,0
10,1337212,0.981999,0,0,0
10,1337212,0.983999,0,0,0
10,1337212,0.985999,0,0,0
10,1337212,0.987999,0,0,0
10,1337212,0.989999,0,0,0
10,1337212,0.991999,0,0,0
10,1337212,0.993999,0,0,0
10,1337212,0.995999,0,0,0
10,1337212,0.997999,0,0,0
10,1337212,0.999999,0,0,0
